id;n_variable_index;c_name_variable;c_desc_variable;c_name_section;c_name_position;c_num_position;n_controller_id;n_variable_data_type_id;n_variable_type_id;n_module_id_id;n_module_channel;PPI.FilterTime;PPI.mCodeScaleMin;PPI.mCodeScaleMax;PPI.mCodeLowThreshold;PPI.mCodeHighThreshold;PPI.Hysteresis;PPI.MediaLen;PPI.LocalOverrideValue;PPI.MinEU;PPI.MaxEU;SP.SP;SP.TechHi;SP.TechLo;CW.ConfigState;CW.ActiveState;CW.Read;CW.Write;CW.LocalOverrideState;CW.FilterState;CW.InversionState;CW.Linearization;CW.SqrtLinearization;CW.NotQuality;CW.UpdateState;CW.Used_IOAddress;CW.Used_EURange;CW.MessOfChange;CW.Used_Media;CW.Used_Formula;CW;Alarms.HiThreshold;Alarms.HiHiThreshold;Alarms.LoThreshold;Alarms.LoLoThreshold;HILO_CW.Alarms.HiActiveState;HILO_CW.Alarms.HiHiActiveState;HILO_CW.Alarms.LoActiveState;HILO_CW.Alarms.LoLoActiveState;Formula;HILO_CW
1;1;1;PT-07.I;Каскад 1;Маслосистема;14M1;1.0;5.0;2.0;1.0;5.0;0.5;0.0;32000.0;-767.0;32767.0;0.0;0.0;0.0;0.0;250.0;0.0;250.0;0.0;;;;;;;;;;;;;;;;;6183.0;0.0;0.0;160.0;0.0;;;;;;4.0
2;2;DR.L1.PIT3.H1;LIC-01.I;Каскад 1;ПИД;1PID;1.0;5.0;2.0;1.0;6.0;0.5;0.0;32000.0;-767.0;32767.0;0.0;0.0;0.0;0.0;100.0;0.0;100.0;0.0;;;;;;;;;;;;;;;;;6439.0;90.0;95.0;25.0;5.0;;;;;;15.0
3;3;DR.L1.SD1_MSS_P_Vigr;PT-01.I;Каскад 1;Гидравлическая система;14M1;1.0;5.0;2.0;1.0;7.0;0.5;0.0;32000.0;-767.0;32767.0;0.0;0.0;0.0;0.0;1000.0;0.0;1000.0;0.0;;;;;;;;;;;;;;;;;6183.0;0.0;0.0;138.0;0.0;;;;;;4.0
4;4;DR.L1.K3A.I_Tran;M1.C.I;Каскад 1;ПИД;24PID;1.0;5.0;2.0;1.0;8.0;0.5;0.0;32000.0;-767.0;32767.0;0.0;0.0;30.0;0.0;150.0;30.0;150.0;0.0;;;;;;;;;;;;;;;;;6199.0;43.4;76.0;45494;45446;;;;;;15.0
5;5;DR.L1.SD1_MSS_SL_T;TT-02.I;Каскад 1;Маслосистема;14M1;1.0;5.0;2.0;2.0;1.0;0.5;0.0;32000.0;-767.0;32767.0;0.0;0.0;0.0;-18.0;93.0;0.0;93.0;-18.0;;;;;;;;;;;;;;;;;6183.0;0.0;0.0;0.0;0.0;;;;;;0.0
6;6;DR.L1.SD1_MSS_T_Rtn;TT-03.I;Каскад 1;Маслосистема;14M1;1.0;5.0;2.0;2.0;3.0;0.5;0.0;32000.0;-767.0;32767.0;0.0;0.0;0.0;0.0;100.0;0.0;100.0;0.0;;;;;;;;;;;;;;;;;6183.0;54.0;65.0;18.0;17.0;;;;;;15.0
7;7;DR.L1.SD1_MSS.Tank_T;TT-04.I;Каскад 1;Маслосистема;14M1;1.0;5.0;2.0;2.0;4.0;0.5;0.0;32000.0;-767.0;32767.0;0.0;0.0;22.0;0.0;100.0;22.0;100.0;0.0;;;;;;;;;;;;;;;;;6183.0;25.0;45.0;20.0;15.0;;;;;;15.0
8;8;DR.L1.K3A.H;LIC-03.I;Каскад 1;ПИД;24PID;1.0;5.0;2.0;2.0;7.0;0.5;0.0;32000.0;-767.0;32767.0;0.0;0.0;0.0;0.0;100.0;0.0;100.0;0.0;;;;;;;;;;;;;;;;;6183.0;90.0;99.0;30.0;15.0;;;;;;15.0
9;9;DR.L1.K3A_VR_VFD_I;24M1.C.I;Каскад 1;ПИД;24PID;1.0;5.0;2.0;2.0;8.0;0.5;0.0;32000.0;-767.0;32767.0;0.0;0.0;0.0;0.0;112.0;0.0;112.0;0.0;;;;;;;;;;;;;;;;;6183.0;65.0;95.7;0.0;0.0;;;;;;3.0
10;10;DR.L1.PIT3.H2;LIC-02.I;Каскад 1;ПИД;1PID;1.0;5.0;2.0;3.0;1.0;0.5;0.0;32000.0;-767.0;32767.0;0.0;0.0;50.0;0.0;100.0;50.0;100.0;0.0;;;;;;;;;;;;;;;;;6183.0;55.0;70.0;25.0;5.0;;;;;;15.0
11;11;DR.L1.MD1_PDV_T4;TT-05.I;Каскад 1;Подшипника двигателя;M1;1.0;5.0;2.0;3.0;4.0;0.5;0.0;32000.0;-767.0;32767.0;0.0;0.0;0.0;0.0;200.0;0.0;200.0;0.0;;;;;;;;;;;;;;;;;6183.0;65.0;70.0;0.0;0.0;;;;;;3.0
12;12;DR.L1.MD1_PDV_VB1;VT-01.I;Каскад 1;Подшипника двигателя;M1;1.0;5.0;2.0;3.0;6.0;0.5;0.0;32000.0;-767.0;32767.0;0.0;0.0;0.0;0.0;20.0;0.0;20.0;0.0;;;;;;;;;;;;;;;;;6183.0;8.0;11.0;4.0;0.0;;;;;;7.0
13;13;DR.L1.MD1_PDV_VB2;VT-02.I;Каскад 1;Подшипника двигателя;M1;1.0;5.0;2.0;3.0;7.0;0.5;0.0;32000.0;-767.0;32767.0;0.0;0.0;0.0;0.0;20.0;0.0;20.0;0.0;;;;;;;;;;;;;;;;;6183.0;8.0;11.0;0.0;0.0;;;;;;3.0
14;14;DR.L1.MD1_PDV_VB3;VT-03.I;Каскад 1;Подшипника двигателя;M1;1.0;5.0;2.0;3.0;8.0;0.5;0.0;32000.0;-767.0;32767.0;0.0;0.0;0.0;0.0;20.0;0.0;20.0;0.0;;;;;;;;;;;;;;;;;6183.0;8.0;11.0;0.0;0.0;;;;;;3.0
15;15;DR.L1.MD1_PDV_T5;TT-06.I;Каскад 1;Подшипника двигателя;M1;1.0;5.0;2.0;4.0;1.0;0.5;0.0;32000.0;-767.0;32767.0;0.0;0.0;0.0;0.0;200.0;0.0;200.0;0.0;;;;;;;;;;;;;;;;;6183.0;65.0;70.0;0.0;0.0;;;;;;3.0
16;16;DR.L1.MD1_MSS_P_diff;PT-02.I;Каскад 1;Маслосистема;M1;1.0;5.0;2.0;4.0;2.0;0.5;0.0;32000.0;-767.0;32767.0;0.0;0.0;0.0;0.0;690.0;0.0;690.0;0.0;;;;;;;;;;;;;;;;;6183.0;241.0;276.0;45385;0.0;;;;;;7.0
17;17;DR.L1.MD1_EV_T;TT-14.I;Каскад 1;Маслосистема;M1;1.0;5.0;2.0;4.0;5.0;0.5;0.0;32000.0;-767.0;32767.0;0.0;0.0;0.0;-40.0;150.0;0.0;150.0;-40.0;;;;;;;;;;;;;;;;;6183.0;0.0;0.0;21.0;0.0;;;;;;4.0
18;18;DR.L1.MD1_MSS_FED_P_m;PT-03.I;Каскад 1;Маслосистема;M1;1.0;5.0;2.0;4.0;6.0;0.5;0.0;32000.0;-767.0;32767.0;0.0;0.0;200.0;0.0;1000.0;200.0;1000.0;0.0;;;;;;;;;;;;;;;;;6199.0;0.0;0.0;138.0;103.0;;;;;;12.0
19;19;DR.L1.MD1_VL_T;TT-13.I;Каскад 1;Промежуточный вал;M1;1.0;5.0;2.0;4.0;7.0;0.5;0.0;32000.0;-767.0;32767.0;0.0;0.0;0.0;-18.0;93.0;0.0;93.0;-18.0;;;;;;;;;;;;;;;;;6183.0;54.0;60.0;0.0;0.0;;;;;;3.0
20;20;DR.L1.MD1.V_Slp;ST-01.I;Каскад 1;Конвейер;24M1;1.0;5.0;2.0;4.0;8.0;0.5;0.0;32000.0;-767.0;32767.0;0.0;0.0;90.0;0.0;100.0;90.0;100.0;0.0;;;;;;;;;;;;;;;;;6199.0;0.0;0.0;80.0;0.0;;;;;;4.0
21;21;DR.L1.MD1_MSS_Q;FT-02.I;Каскад 1;Маслосистема;M1;1.0;5.0;2.0;5.0;1.0;0.5;0.0;32000.0;-767.0;32767.0;0.0;0.0;700.0;0.0;1136.0;700.0;1136.0;0.0;;;;;;;;;;;;;;;;;6199.0;0.0;0.0;606.0;568.0;;;;;;12.0
22;22;DR.L1.MD1_PDV_T1;TT-07.I;Каскад 1;Подшипника двигателя;M1;1.0;5.0;2.0;5.0;2.0;0.5;0.0;32000.0;-767.0;32767.0;0.0;0.0;0.0;0.0;200.0;0.0;200.0;0.0;;;;;;;;;;;;;;;;;6183.0;120.0;130.0;0.0;0.0;;;;;;3.0
23;23;DR.L1.MD1_PDV_T2;TT-08.I;Каскад 1;Подшипника двигателя;M1;1.0;5.0;2.0;5.0;3.0;0.5;0.0;32000.0;-767.0;32767.0;0.0;0.0;0.0;0.0;200.0;0.0;200.0;0.0;;;;;;;;;;;;;;;;;6183.0;120.0;130.0;0.0;0.0;;;;;;3.0
24;24;DR.L1.MD1_PDV_T3;TT-09.I;Каскад 1;Подшипника двигателя;M1;1.0;5.0;2.0;5.0;4.0;0.5;0.0;32000.0;-767.0;32767.0;0.0;0.0;0.0;0.0;200.0;0.0;200.0;0.0;;;;;;;;;;;;;;;;;6183.0;120.0;130.0;0.0;0.0;;;;;;3.0
25;25;DR.L1.MD1_PDV_VB4;VT-04.I;Каскад 1;Подшипника двигателя;M1;1.0;5.0;2.0;5.0;5.0;0.5;0.0;32000.0;-767.0;32767.0;0.0;0.0;0.0;0.0;20.0;0.0;20.0;0.0;;;;;;;;;;;;;;;;;6183.0;8.0;11.0;0.0;0.0;;;;;;3.0
26;26;DR.L1.SD1.I_Tran;14M1.C.I;Каскад 1;ПИД;11PID;1.0;5.0;2.0;5.0;6.0;0.5;0.0;32000.0;-767.0;32767.0;0.0;0.0;0.0;0.0;100.0;0.0;100.0;0.0;;;;;;;;;;;;;;;;;6183.0;53.2;79.80001;45337;45450;;;;;;15.0
27;27;DR.L1.SD1_PDV_T2;TT-16.I;Каскад 1;Подшипники двигателя;14M1;1.0;5.0;2.0;5.0;7.0;0.5;0.0;32000.0;-767.0;32767.0;0.0;0.0;0.0;0.0;200.0;0.0;200.0;0.0;;;;;;;;;;;;;;;;;6183.0;65.0;70.0;0.0;0.0;;;;;;3.0
28;28;DR.L1.SD1_ODV_T1;TT-17.I;Каскад 1;Обмотка двигателя;14M1;1.0;5.0;2.0;5.0;8.0;0.5;0.0;32000.0;-767.0;32767.0;0.0;0.0;0.0;0.0;200.0;0.0;200.0;0.0;;;;;;;;;;;;;;;;;6183.0;120.0;130.0;0.0;0.0;;;;;;3.0
29;29;DR.L1.SD1_ODV_T2;TT-18.I;Каскад 1;Обмотка двигателя;14M1;1.0;5.0;2.0;6.0;1.0;0.5;0.0;32000.0;-767.0;32767.0;0.0;0.0;0.0;0.0;200.0;0.0;200.0;0.0;;;;;;;;;;;;;;;;;6183.0;120.0;130.0;0.0;0.0;;;;;;3.0
30;30;DR.L1.SD1_ODV_T3;TT-19.I;Каскад 1;Обмотка двигателя;14M1;1.0;5.0;2.0;6.0;2.0;0.5;0.0;32000.0;-767.0;32767.0;0.0;0.0;0.0;0.0;200.0;0.0;200.0;0.0;;;;;;;;;;;;;;;;;6183.0;120.0;130.0;0.0;0.0;;;;;;3.0
31;31;DR.L1.SD1_PDV_T1;TT-15.I;Каскад 1;Подшипники двигателя;14M1;1.0;5.0;2.0;6.0;3.0;0.5;0.0;32000.0;-767.0;32767.0;0.0;0.0;0.0;0.0;200.0;0.0;200.0;0.0;;;;;;;;;;;;;;;;;6183.0;65.0;70.0;0.0;0.0;;;;;;3.0
32;32;DR.L1.K3_VR_VFD_I;11M1.C.I;Каскад 1;ПИД;1PID;1.0;5.0;2.0;6.0;5.0;0.5;0.0;32000.0;-767.0;32767.0;0.0;0.0;0.0;0.0;100.0;0.0;100.0;0.0;;;;;;;;;;;;;;;;;6183.0;0.0;0.0;0.0;0.0;;;;;;0.0
33;33;DR.L1.K3_VR_VFD_V;11M1-SC.S.I;Каскад 1;ПИД;11PID;1.0;5.0;2.0;6.0;6.0;0.5;0.0;32000.0;-767.0;32767.0;0.0;0.0;0.0;0.0;100.0;0.0;100.0;0.0;;;;;;;;;;;;;;;;;6183.0;75.0;95.0;25.0;5.0;;;;;;15.0
34;34;DR.L1.PIT3_VR_VFD_I;1M1.C.I;Каскад 1;ПИД;1PID;1.0;5.0;2.0;6.0;7.0;0.5;0.0;32000.0;-767.0;32767.0;0.0;0.0;0.0;0.0;100.0;0.0;100.0;0.0;;;;;;;;;;;;;;;;;6183.0;0.0;0.0;0.0;0.0;;;;;;0.0
35;35;DR.L1.MD1_MSS.TANK_T;TT-12.I;Каскад 1;Маслосистема;M1;1.0;5.0;2.0;7.0;5.0;0.5;0.0;32000.0;-767.0;32767.0;0.0;0.0;30.0;-18.0;93.0;30.0;93.0;-18.0;;;;;;;;;;;;;;;;;6183.0;38.0;0.0;32.0;15.0;;;;;;13.0
36;36;DR.L1.MD1_MSS_T_Rtn;TT-11.I;Каскад 1;Маслосистема;M1;1.0;5.0;2.0;7.0;6.0;0.5;0.0;32000.0;-767.0;32767.0;0.0;0.0;45.0;-18.0;93.0;45.0;93.0;-18.0;;;;;;;;;;;;;;;;;6183.0;46.0;49.0;43.0;40.0;;;;;;15.0
37;37;DR.L1.MD1_MSS_FED_T;TT-10.I;Каскад 1;Маслосистема;M1;1.0;5.0;2.0;7.0;7.0;0.5;0.0;32000.0;-767.0;32767.0;0.0;0.0;0.0;-18.0;93.0;0.0;93.0;-18.0;;;;;;;;;;;;;;;;;6183.0;49.0;52.0;46.0;43.0;;;;;;15.0
38;38;DR.L1.K6.WG;FT-03.I;Каскад 1;Весы;24PID;1.0;5.0;2.0;7.0;8.0;0.5;0.0;32000.0;-767.0;32767.0;0.0;0.0;0.0;0.0;2000.0;0.0;2000.0;0.0;;;;;;;;;;;;;;;;;6183.0;0.0;0.0;0.0;0.0;;;;;;0.0
39;39;DR.L1.GR1.I;12M1.C.I;Каскад 1;Грохот;12M1;1.0;5.0;2.0;8.0;5.0;0.5;0.0;32000.0;-767.0;32767.0;0.0;0.0;0.0;0.0;200.0;0.0;200.0;0.0;;;;;;;;;;;;;;;;;6183.0;112.0;168.0;0.0;0.0;;;;;;3.0
40;40;40;LT-04.I;Каскад 1;датчик подпора;24M1;1.0;5.0;2.0;8.0;6.0;0.5;0.0;32000.0;-767.0;32767.0;0.0;0.0;0.0;0.0;100.0;0.0;100.0;0.0;;;;;;;;;;;;;;;;;6183.0;50.0;55.0;0.0;0.0;;;;;;3.0
41;41;41;CR-01.I;Каскад 1;Ячейка;ПСУ;1.0;5.0;2.0;8.0;7.0;0.5;0.0;32000.0;-767.0;32767.0;0.0;0.0;0.0;0.0;960.0;0.0;960.0;0.0;;;;;;;;;;;;;;;;;6183.0;450.0;0.0;0.0;0.0;;;;;;1.0
42;42;DR.L1.K3.WG;FIC-01.I;Каскад 1;Весы;1PID;1.0;5.0;2.0;8.0;8.0;0.5;0.0;32000.0;-767.0;32767.0;0.0;0.0;0.0;0.0;900.0;0.0;900.0;0.0;;;;;;;;;;;;;;;;;6183.0;70.0;95.0;30.0;5.0;;;;;;15.0
43;43;DR.L1.PIT3_VR_VFD_V_zad;1M1-SC.SSP.O;Каскад 1;ПИД;1PID;1.0;5.0;6.0;9.0;1.0;0.5;0.0;32000.0;0.0;32767.0;0.0;0.0;0.0;0.0;100.0;0.0;100.0;0.0;;;;;;;;;;;;;;;;;6187.0;46.0;0.0;10.0;0.0;;;;;;5.0
44;44;DR.L1.K3_VR_VFD_V_zad;11M1-SC.SSP.O;Каскад 1;ПИД;11PID;1.0;5.0;6.0;9.0;2.0;0.5;0.0;32000.0;0.0;32767.0;0.0;0.0;0.0;0.0;100.0;0.0;100.0;0.0;;;;;;;;;;;;;;;;;6187.0;75.0;0.0;5.0;0.0;;;;;;5.0
45;45;DR.L1.K3A_VR_VFD_V_zad;24M1-SC.SSP.O;Каскад 1;ПИД;24PID;1.0;5.0;6.0;9.0;3.0;0.5;0.0;0.0;0.0;0.0;0.0;0.0;0.0;0.0;1500.0;0.0;1500.0;0.0;;;;;;;;;;;;;;;;;2091.0;0.0;0.0;0.0;0.0;;;;;;0.0
46;46;DR.L1.SD1_PDV_VB1;VT-05.I;Каскад 1;Подшипники двигателя;14M1;1.0;5.0;6.0;10.0;5.0;0.5;0.0;32000.0;0.0;32767.0;0.0;0.0;0.0;0.0;20.0;0.0;20.0;0.0;;;;;;;;;;;;;;;;;6187.0;8.0;11.0;0.0;0.0;;;;;;3.0
47;47;DR.L1.SD1_PDV_VB2;VT-06.I;Каскад 1;Подшипники двигателя;14M1;1.0;5.0;6.0;10.0;6.0;0.5;0.0;32000.0;0.0;32767.0;0.0;0.0;0.0;0.0;20.0;0.0;20.0;0.0;;;;;;;;;;;;;;;;;6187.0;8.0;11.0;0.0;0.0;;;;;;3.0
48;48;DR.L1.SD1_PDV_VB3;VT-07.I;Каскад 1;Подшипники двигателя;14M1;1.0;5.0;6.0;10.0;7.0;0.5;0.0;32000.0;0.0;32767.0;0.0;0.0;0.0;0.0;20.0;0.0;20.0;0.0;;;;;;;;;;;;;;;;;6187.0;8.0;11.0;0.0;0.0;;;;;;3.0
49;49;49;LT-05.I;Каскад 1;Датчик забивки течки;11M1;1.0;5.0;6.0;10.0;8.0;0.5;0.0;32000.0;0.0;32767.0;0.0;0.0;0.0;0.0;100.0;0.0;100.0;0.0;;;;;;;;;;;;;;;;;6187.0;50.0;55.0;0.0;0.0;;;;;;3.0
50;50;DR.L1.K3_MS_FB_Rotating;GS-01.I;Каскад 1;Магнитный сепаратор;10Q;2.0;1.0;2.0;11.0;1.0;0.5;0.0;0.0;0.0;0.0;0.0;0.0;0.0;0.0;1.0;0.0;1.0;0.0;;;;;;;;;;;;;;;;;2087.0;0.0;0.0;0.0;0.0;;;;;;0.0
51;51;DR.L1.K3_MS_EmergStop;OA-01.I;Каскад 1;Магнитный сепаратор;10Q;2.0;1.0;2.0;11.0;2.0;0.5;0.0;0.0;0.0;0.0;0.0;0.0;0.0;0.0;1.0;0.0;1.0;0.0;;;;;;;;;;;;;;;;;2087.0;0.0;0.0;0.0;0.0;;;;;;0.0
52;52;DR.L1.K3_MS_N;JS-01.I;Каскад 1;Магнитный сепаратор;10Q;2.0;1.0;2.0;11.0;3.0;0.5;0.0;0.0;0.0;0.0;0.0;0.0;0.0;0.0;1.0;0.0;1.0;0.0;;;;;;;;;;;;;;;;;2087.0;0.0;0.0;0.0;0.0;;;;;;0.0
53;53;DR.L1.K3_MS_ST_Started;10Q1.R.I;Каскад 1;Магнитный сепаратор;10Q;2.0;1.0;2.0;11.0;5.0;0.5;0.0;0.0;0.0;0.0;0.0;0.0;0.0;0.0;1.0;0.0;1.0;0.0;;;;;;;;;;;;;;;;;2087.0;0.0;0.0;0.0;0.0;;;;;;0.0
54;54;DR.L1.PIT3.CB_Fault;1M1.SF.I;Каскад 1;Пластинчатый питатель;1M1;2.0;1.0;2.0;11.0;6.0;0.5;0.0;0.0;0.0;0.0;0.0;0.0;0.0;0.0;1.0;0.0;1.0;0.0;;;;;;;;;;;;;;;;;2087.0;0.0;0.0;0.0;0.0;;;;;;0.0
55;55;DR.L1.PIT3_VR_VFD_ST_Started;1M1.R.I;Каскад 1;Пластинчатый питатель;1M1;2.0;1.0;2.0;11.0;8.0;0.5;0.0;0.0;0.0;0.0;0.0;0.0;0.0;0.0;1.0;0.0;1.0;0.0;;;;;;;;;;;;;;;;;2087.0;0.0;0.0;0.0;0.0;;;;;;0.0
56;56;DR.L1.PIT3_VR_VFD_VFD_Failure;1M1.DF.I;Каскад 1;Пластинчатый питатель;1M1;2.0;1.0;2.0;11.0;9.0;0.5;0.0;0.0;0.0;0.0;0.0;0.0;0.0;0.0;1.0;0.0;1.0;0.0;;;;;;;;;;;;;;;;;2087.0;0.0;0.0;0.0;0.0;;;;;;0.0
57;57;DR.L1.K3.EmergStop;OA-02.I;Каскад 1;Конвейер;11M1;2.0;1.0;2.0;11.0;11.0;0.5;0.0;0.0;0.0;0.0;0.0;0.0;0.0;0.0;1.0;0.0;1.0;0.0;;;;;;;;;;;;;;;;;2087.0;0.0;0.0;0.0;0.0;;;;;;0.0
58;58;DR.L1.K3.FB_Rotating;GS-02.I;Каскад 1;Конвейер;11M1;2.0;1.0;2.0;11.0;12.0;0.5;0.0;0.0;0.0;0.0;0.0;0.0;0.0;0.0;1.0;0.0;1.0;0.0;;;;;;;;;;;;;;;;;2087.0;0.0;0.0;0.0;0.0;;;;;;0.0
59;59;DR.L1.K3.Ngb;LS-01.I;Каскад 1;Конвейер;11M1;2.0;1.0;2.0;11.0;13.0;0.5;0.0;0.0;0.0;0.0;0.0;0.0;0.0;0.0;1.0;0.0;1.0;0.0;;;;;;;;;;;;;;;;;2087.0;0.0;0.0;0.0;0.0;;;;;;0.0
60;60;DR.L1.K3.FB_me;OS-01.I;Каскад 1;Конвейер;10Q;2.0;1.0;2.0;11.0;14.0;0.5;0.0;0.0;0.0;0.0;0.0;0.0;0.0;0.0;1.0;0.0;1.0;0.0;;;;;;;;;;;;;;;;;2087.0;0.0;0.0;0.0;0.0;;;;;;0.0
61;61;DR.L1.K3.CB_Fault;11M1.SF.I;Каскад 1;Конвейер;11M1;2.0;1.0;2.0;11.0;16.0;0.5;0.0;0.0;0.0;0.0;0.0;0.0;0.0;0.0;1.0;0.0;1.0;0.0;;;;;;;;;;;;;;;;;2087.0;0.0;0.0;0.0;0.0;;;;;;0.0
62;62;62;HS-14.I;Каскад 1;Конвейер;11M1;2.0;1.0;2.0;11.0;17.0;0.5;0.0;0.0;0.0;0.0;0.0;0.0;1.0;0.0;1.0;1.0;1.0;0.0;;;;;;;;;;;;;;;;;2087.0;0.0;0.0;0.0;0.0;;;;;;0.0
63;63;DR.L1.K3_VR_VFD_ST_Started;11M1.R.I;Каскад 1;Конвейер;11M1;2.0;1.0;2.0;11.0;18.0;0.5;0.0;0.0;0.0;0.0;0.0;0.0;0.0;0.0;1.0;0.0;1.0;0.0;;;;;;;;;;;;;;;;;2087.0;0.0;0.0;0.0;0.0;;;;;;0.0
64;64;DR.L1.K3_VR_VFD_Failure;11M1.DF.I;Каскад 1;Конвейер;11M1;2.0;1.0;2.0;11.0;19.0;0.5;0.0;0.0;0.0;0.0;0.0;0.0;0.0;0.0;1.0;0.0;1.0;0.0;;;;;;;;;;;;;;;;;2087.0;0.0;0.0;0.0;0.0;;;;;;0.0
65;65;DR.L1.K3.Fuse;OS-02.I;Каскад 1;Конвейер;11M1;2.0;1.0;2.0;11.0;20.0;0.5;0.0;0.0;0.0;0.0;0.0;0.0;0.0;0.0;1.0;0.0;1.0;0.0;;;;;;;;;;;;;;;;;2087.0;0.0;0.0;0.0;0.0;;;;;;0.0
66;66;DR.L1.GR1_PMU_EmergStop;OA-03.I;Каскад 1;ПМУ;12M1;2.0;1.0;2.0;11.0;21.0;0.5;0.0;0.0;0.0;0.0;0.0;0.0;0.0;0.0;1.0;0.0;1.0;0.0;;;;;;;;;;;;;;;;;2087.0;0.0;0.0;0.0;0.0;;;;;;0.0
67;67;DR.L1.GR1.CB_Fault;12M1.SF.I;Каскад 1;Грохот;12M1;2.0;1.0;2.0;11.0;22.0;0.5;0.0;0.0;0.0;0.0;0.0;0.0;0.0;0.0;1.0;0.0;1.0;0.0;;;;;;;;;;;;;;;;;2087.0;0.0;0.0;0.0;0.0;;;;;;0.0
68;68;DR.L1.GR1.ST_Started;12M1.R.I;Каскад 1;Грохот;12M1;2.0;1.0;2.0;11.0;24.0;0.5;0.0;0.0;0.0;0.0;0.0;0.0;0.0;0.0;1.0;0.0;1.0;0.0;;;;;;;;;;;;;;;;;2087.0;0.0;0.0;0.0;0.0;;;;;;0.0
69;69;DR.L1.GR1.N_coef;12M1.PC.I;Каскад 1;Грохот;12M1;2.0;1.0;2.0;11.0;25.0;0.5;0.0;0.0;0.0;0.0;0.0;0.0;0.0;0.0;1.0;0.0;1.0;0.0;;;;;;;;;;;;;;;;;2087.0;0.0;0.0;0.0;0.0;;;;;;0.0
70;70;70;22M1.R.I;Каскад 1;Грохот;22M1;2.0;1.0;2.0;11.0;26.0;0.5;0.0;0.0;0.0;0.0;0.0;0.0;0.0;0.0;1.0;0.0;1.0;0.0;;;;;;;;;;;;;;;;;2087.0;0.0;0.0;0.0;0.0;;;;;;0.0
71;71;71;22M1.SF.I;Каскад 1;Грохот;22M1;2.0;1.0;2.0;11.0;27.0;0.5;0.0;0.0;0.0;0.0;0.0;0.0;0.0;0.0;1.0;0.0;1.0;0.0;;;;;;;;;;;;;;;;;2087.0;0.0;0.0;0.0;0.0;;;;;;0.0
72;72;72;22M1.DF.I;Каскад 1;Грохот;22M1;2.0;1.0;2.0;11.0;28.0;0.5;0.0;0.0;0.0;0.0;0.0;0.0;0.0;0.0;1.0;0.0;1.0;0.0;;;;;;;;;;;;;;;;;2087.0;0.0;0.0;0.0;0.0;;;;;;0.0
73;73;73;22M1C1.i.I.I;Каскад 1;Очистка 1;22M1C1;2.0;1.0;2.0;11.0;29.0;0.5;0.0;0.0;0.0;0.0;0.0;0.0;0.0;0.0;1.0;0.0;1.0;0.0;;;;;;;;;;;;;;;;;2087.0;0.0;0.0;0.0;0.0;;;;;;0.0
74;74;74;22M1C2.i.I.I;Каскад 1;Очистка 2;22M1C2;2.0;1.0;2.0;11.0;30.0;0.5;0.0;0.0;0.0;0.0;0.0;0.0;0.0;0.0;1.0;0.0;1.0;0.0;;;;;;;;;;;;;;;;;2087.0;0.0;0.0;0.0;0.0;;;;;;0.0
75;75;75;22M1EN.i.I.I;Каскад 1;Энкодер;22M1EN;2.0;1.0;2.0;11.0;31.0;0.5;0.0;0.0;0.0;0.0;0.0;0.0;0.0;0.0;1.0;0.0;1.0;0.0;;;;;;;;;;;;;;;;;2087.0;0.0;0.0;0.0;0.0;;;;;;0.0
76;76;DR.L1.SD1_SZ1_ST_Act;MS-01.I;Каскад 1;Гидравлическая система;SV1-01..8;2.0;1.0;2.0;12.0;2.0;0.5;0.0;0.0;0.0;0.0;0.0;0.0;1.0;0.0;1.0;1.0;1.0;0.0;;;;;;;;;;;;;;;;;2087.0;0.0;0.0;0.0;0.0;;;;;;0.0
77;77;DR.L1.SD1_SZ2_ST_Act;MS-02.I;Каскад 1;Гидравлическая система;SV1-01..8;2.0;1.0;2.0;12.0;3.0;0.5;0.0;0.0;0.0;0.0;0.0;0.0;0.0;0.0;1.0;0.0;1.0;0.0;;;;;;;;;;;;;;;;;2087.0;0.0;0.0;0.0;0.0;;;;;;0.0
78;78;DR.L1.SD1_VL_P;PS-01.I;Каскад 1;Гидравлическая система;SV1-01..8;2.0;1.0;2.0;12.0;4.0;0.5;0.0;0.0;0.0;0.0;0.0;0.0;0.0;0.0;1.0;0.0;1.0;0.0;;;;;;;;;;;;;;;;;2087.0;0.0;0.0;0.0;0.0;;;;;;0.0
79;79;79;PS-04.I;Каскад 1;Гидравлическая система;SV1-01..8;2.0;1.0;2.0;12.0;5.0;0.5;0.0;0.0;0.0;0.0;0.0;0.0;0.0;0.0;1.0;0.0;1.0;0.0;;;;;;;;;;;;;;;;;2087.0;0.0;0.0;0.0;0.0;;;;;;0.0
80;80;DR.L1.SD1_MSS.FTR1_Clog;XS-01.I;Каскад 1;Гидравлическая система;SV1-01..8;2.0;1.0;2.0;12.0;6.0;0.5;0.0;0.0;0.0;0.0;0.0;0.0;0.0;0.0;1.0;0.0;1.0;0.0;;;;;;;;;;;;;;;;;2087.0;0.0;0.0;0.0;0.0;;;;;;0.0
81;81;DR.L1.SD1_MSS.FTR2_Clog;XS-02.I;Каскад 1;Маслосистема;14M1;2.0;1.0;2.0;12.0;7.0;0.5;0.0;0.0;0.0;0.0;0.0;0.0;0.0;0.0;1.0;0.0;1.0;0.0;;;;;;;;;;;;;;;;;2087.0;0.0;0.0;0.0;0.0;;;;;;0.0
82;82;DR.L1.SD1_MSS_H_m_Act;LS-02.I;Каскад 1;Гидравлическая система;SV1-01..8;2.0;1.0;2.0;12.0;8.0;0.5;0.0;0.0;0.0;0.0;0.0;0.0;0.0;0.0;1.0;0.0;1.0;0.0;;;;;;;;;;;;;;;;;2087.0;0.0;0.0;0.0;0.0;;;;;;0.0
83;83;DR.L1.SD1_MSS.Tank_H_m_Act;LS-03.I;Каскад 1;Маслосистема;14M1;2.0;1.0;2.0;12.0;9.0;0.5;0.0;0.0;0.0;0.0;0.0;0.0;0.0;0.0;1.0;0.0;1.0;0.0;;;;;;;;;;;;;;;;;2087.0;0.0;0.0;0.0;0.0;;;;;;0.0
84;84;DR.L1.SD1_MSS_P_Zazh_Act;PS-02.I;Каскад 1;Гидравлическая система;SV1-01..8;2.0;1.0;2.0;12.0;10.0;0.5;0.0;0.0;0.0;0.0;0.0;0.0;0.0;0.0;1.0;0.0;1.0;0.0;;;;;;;;;;;;;;;;;2087.0;0.0;0.0;0.0;0.0;;;;;;0.0
85;85;DR.L1.SD1_MSS_P_Vigr_Act;PS-03.I;Каскад 1;Гидравлическая система;SV1-01..8;2.0;1.0;2.0;12.0;11.0;0.5;0.0;0.0;0.0;0.0;0.0;0.0;0.0;0.0;1.0;0.0;1.0;0.0;;;;;;;;;;;;;;;;;2087.0;0.0;0.0;0.0;0.0;;;;;;0.0
86;86;DR.L1.SD1.CB_ST_On;14M1.SF.I;Каскад 1;Дробилка;14M1;2.0;1.0;2.0;12.0;12.0;0.5;0.0;0.0;0.0;0.0;0.0;0.0;0.0;0.0;1.0;0.0;1.0;0.0;;;;;;;;;;;;;;;;;2087.0;0.0;0.0;0.0;0.0;;;;;;0.0
87;87;DR.L1.SD1.CTR_ST_On;14M1.R.I;Каскад 1;Дробилка;14M1;2.0;1.0;2.0;12.0;13.0;0.5;0.0;0.0;0.0;0.0;0.0;0.0;0.0;0.0;1.0;0.0;1.0;0.0;;;;;;;;;;;;;;;;;2087.0;0.0;0.0;0.0;0.0;;;;;;0.0
88;88;88;15M1.LP.I;Каскад 1;Гидравлическая система;15M1;2.0;1.0;2.0;12.0;15.0;0.5;0.0;0.0;0.0;0.0;0.0;0.0;0.0;0.0;1.0;0.0;1.0;0.0;;;;;;;;;;;;;;;;;2087.0;0.0;0.0;0.0;0.0;;;;;;0.0
89;89;89;15M1.RON.I;Каскад 1;Гидравлическая система;15M1;2.0;1.0;2.0;12.0;16.0;0.5;0.0;0.0;0.0;0.0;0.0;0.0;0.0;0.0;1.0;0.0;1.0;0.0;;;;;;;;;;;;;;;;;2087.0;0.0;0.0;0.0;0.0;;;;;;0.0
90;90;DR.L1.SD1_NS_CB_ST_On;16M1.SF.I;Каскад 1;Смазочный насос;16M1;2.0;1.0;2.0;12.0;17.0;0.5;0.0;0.0;0.0;0.0;0.0;0.0;0.0;0.0;1.0;0.0;1.0;0.0;;;;;;;;;;;;;;;;;2087.0;0.0;0.0;0.0;0.0;;;;;;0.0
91;91;DR.L1.SD1_NS_ST_Started;16M1.R.I;Каскад 1;Смазочный насос;16M1;2.0;1.0;2.0;12.0;18.0;0.5;0.0;0.0;0.0;0.0;0.0;0.0;0.0;0.0;1.0;0.0;1.0;0.0;;;;;;;;;;;;;;;;;2087.0;0.0;0.0;0.0;0.0;;;;;;0.0
92;92;DR.L1.SD1_NG_CB_ST_On;15M1.SF.I;Каскад 1;Гидравлическая система;15M1;2.0;1.0;2.0;12.0;19.0;0.5;0.0;0.0;0.0;0.0;0.0;0.0;0.0;0.0;1.0;0.0;1.0;0.0;;;;;;;;;;;;;;;;;2087.0;0.0;0.0;0.0;0.0;;;;;;0.0
93;93;DR.L1.SD1_NG_ST_Started;15M1.R.I;Каскад 1;Гидравлическая система;15M1;2.0;1.0;2.0;12.0;20.0;0.5;0.0;0.0;0.0;0.0;0.0;0.0;0.0;0.0;1.0;0.0;1.0;0.0;;;;;;;;;;;;;;;;;2087.0;0.0;0.0;0.0;0.0;;;;;;0.0
94;94;DR.L1.SD1_OV_CB_ST_On;17M1.SF.I;Каскад 1;Охладитель вентилятора;17M1;2.0;1.0;2.0;12.0;21.0;0.5;0.0;0.0;0.0;0.0;0.0;0.0;0.0;0.0;1.0;0.0;1.0;0.0;;;;;;;;;;;;;;;;;2087.0;0.0;0.0;0.0;0.0;;;;;;0.0
95;95;DR.L1.SD1_OV_ST_Started;17M1.R.I;Каскад 1;Охладитель вентилятора;17M1;2.0;1.0;2.0;12.0;22.0;0.5;0.0;0.0;0.0;0.0;0.0;0.0;0.0;0.0;1.0;0.0;1.0;0.0;;;;;;;;;;;;;;;;;2087.0;0.0;0.0;0.0;0.0;;;;;;0.0
96;96;DR.L1.SD1_VN_CB_ST_On;18M1.SF.I;Каскад 1;Воздуходувка;18M1;2.0;1.0;2.0;12.0;23.0;0.5;0.0;0.0;0.0;0.0;0.0;0.0;0.0;0.0;1.0;0.0;1.0;0.0;;;;;;;;;;;;;;;;;2087.0;0.0;0.0;0.0;0.0;;;;;;0.0
97;97;DR.L1.SD1_VN_ST_Started;18M1.R.I;Каскад 1;Воздуходувка;18M1;2.0;1.0;2.0;12.0;24.0;0.5;0.0;0.0;0.0;0.0;0.0;0.0;0.0;0.0;1.0;0.0;1.0;0.0;;;;;;;;;;;;;;;;;2087.0;0.0;0.0;0.0;0.0;;;;;;0.0
98;98;DR.L1.SD1_MSN_CB_ST_On;19R1.SF.I;Каскад 1;Нагреватели масла;19R1;2.0;1.0;2.0;12.0;25.0;0.5;0.0;0.0;0.0;0.0;0.0;0.0;0.0;0.0;1.0;0.0;1.0;0.0;;;;;;;;;;;;;;;;;2087.0;0.0;0.0;0.0;0.0;;;;;;0.0
99;99;DR.L1.SD1_MSN_ST_Started;19R1.R.I;Каскад 1;Нагреватели масла;19R1;2.0;1.0;2.0;12.0;26.0;0.5;0.0;0.0;0.0;0.0;0.0;0.0;0.0;0.0;1.0;0.0;1.0;0.0;;;;;;;;;;;;;;;;;2087.0;0.0;0.0;0.0;0.0;;;;;;0.0
100;100;DR.L1.GR2_PMU_EmergStop;OA-04.I;Каскад 1;ПМУ;22M1;2.0;1.0;2.0;12.0;27.0;0.5;0.0;0.0;0.0;0.0;0.0;0.0;0.0;0.0;1.0;0.0;1.0;0.0;;;;;;;;;;;;;;;;;2087.0;0.0;0.0;0.0;0.0;;;;;;0.0
101;101;DR.L1.MD1.Clog;LS-04.I;Каскад 1;датчик подпора;M1;2.0;1.0;2.0;13.0;4.0;0.5;0.0;0.0;0.0;0.0;0.0;0.0;0.0;0.0;1.0;0.0;1.0;0.0;;;;;;;;;;;;;;;;;2087.0;0.0;0.0;0.0;0.0;;;;;;0.0
102;102;DR.L1.K3A.EmergStop;OA-05.I;Каскад 1;Конвейер;24M1;2.0;1.0;2.0;13.0;5.0;0.5;0.0;0.0;0.0;0.0;0.0;0.0;0.0;0.0;1.0;0.0;1.0;0.0;;;;;;;;;;;;;;;;;2087.0;0.0;0.0;0.0;0.0;;;;;;0.0
103;103;DR.L1.K3A.FB_Rotating;GS-03.I;Каскад 1;Конвейер;24M1;2.0;1.0;2.0;13.0;6.0;0.5;0.0;0.0;0.0;0.0;0.0;0.0;0.0;0.0;1.0;0.0;1.0;0.0;;;;;;;;;;;;;;;;;2087.0;0.0;0.0;0.0;0.0;;;;;;0.0
104;104;DR.L1.K3A.Material;LS-09.I;Каскад 1;Конвейер;24M1;2.0;1.0;2.0;13.0;7.0;0.5;0.0;0.0;0.0;0.0;0.0;0.0;0.0;0.0;1.0;0.0;1.0;0.0;;;;;;;;;;;;;;;;;2087.0;0.0;0.0;0.0;0.0;;;;;;0.0
105;105;DR.L1.K3A.CB_Fault;24M1.SF.I;Каскад 1;Конвейер;24M1;2.0;1.0;2.0;13.0;8.0;0.5;0.0;0.0;0.0;0.0;0.0;0.0;0.0;0.0;1.0;0.0;1.0;0.0;;;;;;;;;;;;;;;;;2087.0;0.0;0.0;0.0;0.0;;;;;;0.0
106;106;106;OA-12.I;Каскад 1;Конвейер;24M1;2.0;1.0;2.0;13.0;9.0;0.5;0.0;0.0;0.0;0.0;0.0;0.0;0.0;0.0;1.0;0.0;1.0;0.0;;;;;;;;;;;;;;;;;2087.0;0.0;0.0;0.0;0.0;;;;;;0.0
107;107;DR.L1.K3A.ST_Started;24M1.R.I;Каскад 1;Конвейер;24M1;2.0;1.0;2.0;13.0;10.0;0.5;0.0;0.0;0.0;0.0;0.0;0.0;0.0;0.0;1.0;0.0;1.0;0.0;;;;;;;;;;;;;;;;;2087.0;0.0;0.0;0.0;0.0;;;;;;0.0
108;108;DR.L1.K3A.V_Failure;24M1.DF.I;Каскад 1;Конвейер;24M1;2.0;1.0;2.0;13.0;11.0;0.5;0.0;0.0;0.0;0.0;0.0;0.0;0.0;0.0;1.0;0.0;1.0;0.0;;;;;;;;;;;;;;;;;2087.0;0.0;0.0;0.0;0.0;;;;;;0.0
109;109;109;ST-02.I;Каскад 1;Конвейер;24M1;2.0;1.0;2.0;13.0;12.0;0.5;0.0;0.0;0.0;0.0;0.0;0.0;0.0;0.0;1.0;0.0;1.0;0.0;;;;;;;;;;;;;;;;;2103.0;0.0;0.0;0.0;0.0;;;;;;0.0
110;110;DR.L1.MD1.EmergStop;OA-06.I;Каскад 1;Дробилка;M1;2.0;1.0;2.0;13.0;13.0;0.5;0.0;0.0;0.0;0.0;0.0;0.0;0.0;0.0;1.0;0.0;1.0;0.0;;;;;;;;;;;;;;;;;2087.0;0.0;0.0;0.0;0.0;;;;;;0.0
111;111;DR.L1.MD1_NS1.ZS_ST_Opened;ZS-01.I;Каскад 1;Смазочный насос 1;27M1;2.0;1.0;2.0;13.0;14.0;0.5;0.0;0.0;0.0;0.0;0.0;0.0;1.0;0.0;1.0;1.0;1.0;0.0;;;;;;;;;;;;;;;;;2087.0;0.0;0.0;0.0;0.0;;;;;;0.0
112;112;DR.L1.MD1_NS2.ZS_ST_Opened;ZS-02.I;Каскад 1;Смазочный насос 2;28M1;2.0;1.0;2.0;13.0;15.0;0.5;0.0;0.0;0.0;0.0;0.0;0.0;0.0;0.0;1.0;0.0;1.0;0.0;;;;;;;;;;;;;;;;;2087.0;0.0;0.0;0.0;0.0;;;;;;0.0
113;113;DR.L1.MD1_MSS_HL_m;LS-05.I;Каскад 1;Маслосистема;M1;2.0;1.0;2.0;13.0;16.0;0.5;0.0;0.0;0.0;0.0;0.0;0.0;0.0;0.0;1.0;0.0;1.0;0.0;;;;;;;;;;;;;;;;;2087.0;0.0;0.0;0.0;0.0;;;;;;0.0
114;114;DR.L1.MD1_MSS_HA_m;LS-06.I;Каскад 1;Маслосистема;M1;2.0;1.0;2.0;13.0;17.0;0.5;0.0;0.0;0.0;0.0;0.0;0.0;0.0;0.0;1.0;0.0;1.0;0.0;;;;;;;;;;;;;;;;;2087.0;0.0;0.0;0.0;0.0;;;;;;0.0
115;115;DR.L1.MD1_MSS_H_m_Act;LS-07.I;Каскад 1;Маслосистема;M1;2.0;1.0;2.0;13.0;18.0;0.5;0.0;0.0;0.0;0.0;0.0;0.0;0.0;0.0;1.0;0.0;1.0;0.0;;;;;;;;;;;;;;;;;2087.0;0.0;0.0;0.0;0.0;;;;;;0.0
116;116;DR.L1.MD1_SZ1_ST_Act;MS-03.I;Каскад 1;Шкаф гидравлики;SOL1..9;2.0;1.0;2.0;13.0;19.0;0.5;0.0;0.0;0.0;0.0;0.0;0.0;1.0;0.0;1.0;1.0;1.0;0.0;;;;;;;;;;;;;;;;;2087.0;0.0;0.0;0.0;0.0;;;;;;0.0
117;117;DR.L1.MD1_SZ2_ST_Act;MS-04.I;Каскад 1;Шкаф гидравлики;SOL1..9;2.0;1.0;2.0;13.0;20.0;0.5;0.0;0.0;0.0;0.0;0.0;0.0;0.0;0.0;1.0;0.0;1.0;0.0;;;;;;;;;;;;;;;;;2087.0;0.0;0.0;0.0;0.0;;;;;;0.0
118;118;118;LT-00.I;Каскад 1;Дробилка;14M1;2.0;1.0;2.0;13.0;21.0;0.5;0.0;0.0;0.0;0.0;0.0;0.0;0.0;0.0;1.0;0.0;1.0;0.0;;;;;;;;;;;;;;;;;2087.0;0.0;0.0;0.0;0.0;;;;;;0.0
119;119;DR.L1.MD1.CB_ST_On;M1.SF.I;Каскад 1;Дробилка;M1;2.0;1.0;2.0;13.0;24.0;0.5;0.0;0.0;0.0;0.0;0.0;0.0;0.0;0.0;1.0;0.0;1.0;0.0;;;;;;;;;;;;;;;;;2087.0;0.0;0.0;0.0;0.0;;;;;;0.0
120;120;DR.L1.MD1.CTR_ST_On;M1.R.I;Каскад 1;Дробилка;M1;2.0;1.0;2.0;13.0;25.0;0.5;0.0;0.0;0.0;0.0;0.0;0.0;0.0;0.0;1.0;0.0;1.0;0.0;;;;;;;;;;;;;;;;;2087.0;0.0;0.0;0.0;0.0;;;;;;0.0
121;121;DR.L1.MD1_OV1_CB_ST_On;29M1.SF.I;Каскад 1;Охладитель вентилятора 1;29M1;2.0;1.0;2.0;13.0;29.0;0.5;0.0;0.0;0.0;0.0;0.0;0.0;0.0;0.0;1.0;0.0;1.0;0.0;;;;;;;;;;;;;;;;;2087.0;0.0;0.0;0.0;0.0;;;;;;0.0
122;122;DR.L1.MD1_OV1_ST_Started;29M1.R.I;Каскад 1;Охладитель вентилятора 1;29M1;2.0;1.0;2.0;13.0;30.0;0.5;0.0;0.0;0.0;0.0;0.0;0.0;0.0;0.0;1.0;0.0;1.0;0.0;;;;;;;;;;;;;;;;;2087.0;0.0;0.0;0.0;0.0;;;;;;0.0
123;123;DR.L1.MD1_OV2_CB_ST_On;30M1.SF.I;Каскад 1;Охладитель вентилятора 2;30M1;2.0;1.0;2.0;13.0;31.0;0.5;0.0;0.0;0.0;0.0;0.0;0.0;0.0;0.0;1.0;0.0;1.0;0.0;;;;;;;;;;;;;;;;;2087.0;0.0;0.0;0.0;0.0;;;;;;0.0
124;124;DR.L1.MD1_OV2_ST_Started;30M1.R.I;Каскад 1;Охладитель вентилятора 2;30M1;2.0;1.0;2.0;13.0;32.0;0.5;0.0;0.0;0.0;0.0;0.0;0.0;0.0;0.0;1.0;0.0;1.0;0.0;;;;;;;;;;;;;;;;;2087.0;0.0;0.0;0.0;0.0;;;;;;0.0
125;125;DR.L1.MD1_NS1_CB_ST_On;27M1.SF.I;Каскад 1;Смазочный насос 1;27M1;2.0;1.0;2.0;14.0;1.0;0.5;0.0;0.0;0.0;0.0;0.0;0.0;0.0;0.0;1.0;0.0;1.0;0.0;;;;;;;;;;;;;;;;;2087.0;0.0;0.0;0.0;0.0;;;;;;0.0
126;126;DR.L1.MD1_NS1_ST_Started;27M1.R.I;Каскад 1;Смазочный насос 1;27M1;2.0;1.0;2.0;14.0;2.0;0.5;0.0;0.0;0.0;0.0;0.0;0.0;0.0;0.0;1.0;0.0;1.0;0.0;;;;;;;;;;;;;;;;;2087.0;0.0;0.0;0.0;0.0;;;;;;0.0
127;127;DR.L1.MD1_NS2_CB_ST_On;28M1.SF.I;Каскад 1;Смазочный насос 2;28M1;2.0;1.0;2.0;14.0;3.0;0.5;0.0;0.0;0.0;0.0;0.0;0.0;0.0;0.0;1.0;0.0;1.0;0.0;;;;;;;;;;;;;;;;;2087.0;0.0;0.0;0.0;0.0;;;;;;0.0
128;128;DR.L1.MD1_NS2_ST_Started;28M1.R.I;Каскад 1;Смазочный насос 2;28M1;2.0;1.0;2.0;14.0;4.0;0.5;0.0;0.0;0.0;0.0;0.0;0.0;0.0;0.0;1.0;0.0;1.0;0.0;;;;;;;;;;;;;;;;;2087.0;0.0;0.0;0.0;0.0;;;;;;0.0
129;129;DR.L1.MD1_VN_CB_ST_On;31M1.SF.I;Каскад 1;Воздуходувка;31M1;2.0;1.0;2.0;14.0;5.0;0.5;0.0;0.0;0.0;0.0;0.0;0.0;0.0;0.0;1.0;0.0;1.0;0.0;;;;;;;;;;;;;;;;;2087.0;0.0;0.0;0.0;0.0;;;;;;0.0
130;130;DR.L1.MD1_VN_ST_Started;31M1.R.I;Каскад 1;Воздуходувка;31M1;2.0;1.0;2.0;14.0;6.0;0.5;0.0;0.0;0.0;0.0;0.0;0.0;0.0;0.0;1.0;0.0;1.0;0.0;;;;;;;;;;;;;;;;;2087.0;0.0;0.0;0.0;0.0;;;;;;0.0
131;131;DR.L1.MD1_MSN_CB_ST_On;32R1.SF.I;Каскад 1;Нагреватели масла;32R1;2.0;1.0;2.0;14.0;7.0;0.5;0.0;0.0;0.0;0.0;0.0;0.0;0.0;0.0;1.0;0.0;1.0;0.0;;;;;;;;;;;;;;;;;2087.0;0.0;0.0;0.0;0.0;;;;;;0.0
132;132;DR.L1.MD1_MSN_ST_Started;32R1.R.I;Каскад 1;Нагреватели масла;32R1;2.0;1.0;2.0;14.0;8.0;0.5;0.0;0.0;0.0;0.0;0.0;0.0;0.0;0.0;1.0;0.0;1.0;0.0;;;;;;;;;;;;;;;;;2087.0;0.0;0.0;0.0;0.0;;;;;;0.0
133;133;DR.L1.MD1_NG_CB_ST_On;26M1.SF.I;Каскад 1;Гидравлический насос;26M1;2.0;1.0;2.0;14.0;9.0;0.5;0.0;0.0;0.0;0.0;0.0;0.0;0.0;0.0;1.0;0.0;1.0;0.0;;;;;;;;;;;;;;;;;2087.0;0.0;0.0;0.0;0.0;;;;;;0.0
134;134;DR.L1.MD1_NG_ST_Started;26M1.R.I;Каскад 1;Гидравлический насос;26M1;2.0;1.0;2.0;14.0;10.0;0.5;0.0;0.0;0.0;0.0;0.0;0.0;0.0;0.0;1.0;0.0;1.0;0.0;;;;;;;;;;;;;;;;;2087.0;0.0;0.0;0.0;0.0;;;;;;0.0
135;135;DR.L1.PMU1.Mode_Local;OI-01.I;Каскад 1;ПМУ;Cascad;2.0;1.0;2.0;14.0;11.0;0.5;0.0;0.0;0.0;0.0;0.0;0.0;0.0;0.0;1.0;0.0;1.0;0.0;;;;;;;;;;;;;;;;;2087.0;0.0;0.0;0.0;0.0;;;;;;0.0
136;136;DR.L1.PMU1.EmergStop;OA-08.I;Каскад 1;ПМУ;Cascad;2.0;1.0;2.0;14.0;12.0;0.5;0.0;0.0;0.0;0.0;0.0;0.0;0.0;0.0;1.0;0.0;1.0;0.0;;;;;;;;;;;;;;;;;2087.0;0.0;0.0;0.0;0.0;;;;;;0.0
137;137;DR.L1.GR1_PMU_ST_PMU_Started;HS-01.I;Каскад 1;ПМУ;12M1;2.0;1.0;2.0;14.0;13.0;0.5;0.0;0.0;0.0;0.0;0.0;0.0;0.0;0.0;1.0;0.0;1.0;0.0;;;;;;;;;;;;;;;;;2087.0;0.0;0.0;0.0;0.0;;;;;;0.0
138;138;DR.L1.SD1.ST_PMU_Started;HS-02.I;Каскад 1;Дробилка;14M1;2.0;1.0;2.0;14.0;14.0;0.5;0.0;0.0;0.0;0.0;0.0;0.0;0.0;0.0;1.0;0.0;1.0;0.0;;;;;;;;;;;;;;;;;2087.0;0.0;0.0;0.0;0.0;;;;;;0.0
139;139;DR.L1.SD1_NS_ST_PMU_Started;HS-03.I;Каскад 1;Смазочный насос;16M1;2.0;1.0;2.0;14.0;15.0;0.5;0.0;0.0;0.0;0.0;0.0;0.0;0.0;0.0;1.0;0.0;1.0;0.0;;;;;;;;;;;;;;;;;2087.0;0.0;0.0;0.0;0.0;;;;;;0.0
140;140;DR.L1.SD1_OV_ST_PMU_Started;HS-04.I;Каскад 1;Охладитель вентилятора;17M1;2.0;1.0;2.0;14.0;16.0;0.5;0.0;0.0;0.0;0.0;0.0;0.0;0.0;0.0;1.0;0.0;1.0;0.0;;;;;;;;;;;;;;;;;2087.0;0.0;0.0;0.0;0.0;;;;;;0.0
141;141;DR.L1.SD1_VN_ST_PMU_Started;HS-05.I;Каскад 1;Воздуходувка;18M1;2.0;1.0;2.0;14.0;17.0;0.5;0.0;0.0;0.0;0.0;0.0;0.0;0.0;0.0;1.0;0.0;1.0;0.0;;;;;;;;;;;;;;;;;2087.0;0.0;0.0;0.0;0.0;;;;;;0.0
142;142;DR.L1.PMU2.Mode_Local;OI-02.I;Каскад 1;ПМУ;Cascad;2.0;1.0;2.0;14.0;18.0;0.5;0.0;0.0;0.0;0.0;0.0;0.0;0.0;0.0;1.0;0.0;1.0;0.0;;;;;;;;;;;;;;;;;2087.0;0.0;0.0;0.0;0.0;;;;;;0.0
143;143;DR.L1.PMU2.EmergStop;OA-09.I;Каскад 1;ПМУ;Cascad;2.0;1.0;2.0;14.0;19.0;0.5;0.0;0.0;0.0;0.0;0.0;0.0;0.0;0.0;1.0;0.0;1.0;0.0;;;;;;;;;;;;;;;;;2087.0;0.0;0.0;0.0;0.0;;;;;;0.0
144;144;DR.L1.GR2_PMU_ST_PMU_Started;HS-06.I;Каскад 1;ПМУ;22M1;2.0;1.0;2.0;14.0;20.0;0.5;0.0;0.0;0.0;0.0;0.0;0.0;0.0;0.0;1.0;0.0;1.0;0.0;;;;;;;;;;;;;;;;;2087.0;0.0;0.0;0.0;0.0;;;;;;0.0
145;145;DR.L1.PMU3.Local;OI-03.I;Каскад 1;ПМУ;Cascad;2.0;1.0;2.0;14.0;21.0;0.5;0.0;0.0;0.0;0.0;0.0;0.0;0.0;0.0;1.0;0.0;1.0;0.0;;;;;;;;;;;;;;;;;2087.0;0.0;0.0;0.0;0.0;;;;;;0.0
146;146;DR.L1.PMU3.EmergStop;OA-10.I;Каскад 1;ПМУ;Cascad;2.0;1.0;2.0;14.0;22.0;0.5;0.0;0.0;0.0;0.0;0.0;0.0;0.0;0.0;1.0;0.0;1.0;0.0;;;;;;;;;;;;;;;;;2087.0;0.0;0.0;0.0;0.0;;;;;;0.0
147;147;DR.L1.MD1.ST_PMU_Started;HS-07.I;Каскад 1;Дробилка;M1;2.0;1.0;2.0;14.0;23.0;0.5;0.0;0.0;0.0;0.0;0.0;0.0;0.0;0.0;1.0;0.0;1.0;0.0;;;;;;;;;;;;;;;;;2087.0;0.0;0.0;0.0;0.0;;;;;;0.0
148;148;DR.L1.MD1_NS1_ST_PMU_Started;HS-08.I;Каскад 1;Смазочный насос 1;27M1;2.0;1.0;2.0;14.0;24.0;0.5;0.0;0.0;0.0;0.0;0.0;0.0;0.0;0.0;1.0;0.0;1.0;0.0;;;;;;;;;;;;;;;;;2087.0;0.0;0.0;0.0;0.0;;;;;;0.0
149;149;DR.L1.MD1_NS2_ST_PMU_Started;HS-09.I;Каскад 1;Смазочный насос 2;28M1;2.0;1.0;2.0;14.0;25.0;0.5;0.0;0.0;0.0;0.0;0.0;0.0;0.0;0.0;1.0;0.0;1.0;0.0;;;;;;;;;;;;;;;;;2087.0;0.0;0.0;0.0;0.0;;;;;;0.0
150;150;DR.L1.MD1_OV1_ST_PMU_Started;HS-10.I;Каскад 1;Охладитель вентилятора 1;29M1;2.0;1.0;2.0;14.0;26.0;0.5;0.0;0.0;0.0;0.0;0.0;0.0;0.0;0.0;1.0;0.0;1.0;0.0;;;;;;;;;;;;;;;;;2087.0;0.0;0.0;0.0;0.0;;;;;;0.0
151;151;DR.L1.MD1_OV2_ST_PMU_Started;HS-11.I;Каскад 1;Охладитель вентилятора 2;30M1;2.0;1.0;2.0;14.0;27.0;0.5;0.0;0.0;0.0;0.0;0.0;0.0;0.0;0.0;1.0;0.0;1.0;0.0;;;;;;;;;;;;;;;;;2087.0;0.0;0.0;0.0;0.0;;;;;;0.0
152;152;DR.L1.MD1_VN_ST_PMU_Started;HS-12.I;Каскад 1;Воздуходувка;31M1;2.0;1.0;2.0;14.0;28.0;0.5;0.0;0.0;0.0;0.0;0.0;0.0;0.0;0.0;1.0;0.0;1.0;0.0;;;;;;;;;;;;;;;;;2087.0;0.0;0.0;0.0;0.0;;;;;;0.0
153;153;DR.L1.K3A.ST_PMU_Started;HS-13.I;Каскад 1;Конвейер;24M1;2.0;1.0;2.0;14.0;29.0;0.5;0.0;0.0;0.0;0.0;0.0;0.0;0.0;0.0;1.0;0.0;1.0;0.0;;;;;;;;;;;;;;;;;2087.0;0.0;0.0;0.0;0.0;;;;;;0.0
154;154;DR.L1.PMU.EmergStop;OA-11.I;Каскад 1;ПМУ;Cascad;2.0;1.0;2.0;14.0;30.0;0.5;0.0;0.0;0.0;0.0;0.0;0.0;0.0;0.0;1.0;0.0;1.0;0.0;;;;;;;;;;;;;;;;;2087.0;0.0;0.0;0.0;0.0;;;;;;0.0
155;155;DR.L1.PMU.U_norm;ES.EV.I;Каскад 1;ПМУ;Cascad;2.0;1.0;2.0;15.0;3.0;0.5;0.0;0.0;0.0;0.0;0.0;0.0;0.0;0.0;1.0;0.0;1.0;0.0;;;;;;;;;;;;;;;;;2087.0;0.0;0.0;0.0;0.0;;;;;;0.0
156;156;DR.L1.PMU.ST_EmergStop;ES.ON.I;Каскад 1;ПМУ;Cascad;2.0;1.0;2.0;15.0;4.0;0.5;0.0;0.0;0.0;0.0;0.0;0.0;0.0;0.0;1.0;0.0;1.0;0.0;;;;;;;;;;;;;;;;;2087.0;0.0;0.0;0.0;0.0;;;;;;0.0
157;157;157;35M1.R.I;Каскад 1;Конвейер;35M1;0.0;8.0;1.0;0.0;0.0;0.0;0.0;0.0;0.0;0.0;0.0;0.0;1.0;0.0;250.0;1.0;250.0;0.0;;;;;;;;;;;;;;;;;19.0;0.0;0.0;0.0;0.0;;;;;;0.0
158;158;DR.L1.K3_MS_CMD_Lmp_Started;10Q.LI.O;Каскад 1;Магнитный сепаратор;10Q;2.0;1.0;6.0;17.0;1.0;0.0;0.0;0.0;0.0;0.0;0.0;0.0;0.0;0.0;1.0;0.0;1.0;0.0;;;;;;;;;;;;;;;;;2059.0;0.0;0.0;0.0;0.0;;;;;;0.0
159;159;159;AL-17.O;Каскад 1;ПМУ;Cascad;2.0;1.0;6.0;17.0;2.0;0.0;0.0;0.0;0.0;0.0;0.0;0.0;0.0;0.0;1.0;0.0;1.0;0.0;;;;;;;;;;;;;;;;;2059.0;0.0;0.0;0.0;0.0;;;;;;0.0
160;160;DR.L1.PIT3_VR_VFD_CMD_Start;1M1.STR.O;Каскад 1;Пластинчатый питатель;1M1;2.0;1.0;6.0;17.0;3.0;0.0;0.0;0.0;0.0;0.0;0.0;0.0;0.0;0.0;1.0;0.0;1.0;0.0;;;;;;;;;;;;;;;;;2059.0;0.0;0.0;0.0;0.0;;;;;;0.0
161;161;DR.L1.K3.CMD_Start;11M1.STR.O;Каскад 1;Конвейер;11M1;2.0;1.0;6.0;17.0;4.0;0.0;0.0;0.0;0.0;0.0;0.0;0.0;0.0;0.0;1.0;0.0;1.0;0.0;;;;;;;;;;;;;;;;;2059.0;0.0;0.0;0.0;0.0;;;;;;0.0
162;162;162;AL-18.O;Каскад 1;ПМУ;Cascad;2.0;1.0;6.0;17.0;5.0;0.0;0.0;0.0;0.0;0.0;0.0;0.0;0.0;0.0;1.0;0.0;1.0;0.0;;;;;;;;;;;;;;;;;2059.0;0.0;0.0;0.0;0.0;;;;;;0.0
163;163;DR.L1.GR1.CMD_Start;12M1.STR.O;Каскад 1;Грохот;12M1;2.0;1.0;6.0;17.0;6.0;0.0;0.0;0.0;0.0;0.0;0.0;0.0;0.0;0.0;1.0;0.0;1.0;0.0;;;;;;;;;;;;;;;;;2059.0;0.0;0.0;0.0;0.0;;;;;;0.0
164;164;164;AL-19.O;Каскад 1;ПМУ;Cascad;2.0;1.0;6.0;17.0;7.0;0.0;0.0;0.0;0.0;0.0;0.0;0.0;0.0;0.0;1.0;0.0;1.0;0.0;;;;;;;;;;;;;;;;;2059.0;0.0;0.0;0.0;0.0;;;;;;0.0
165;165;DR.L1.SD1.CMD_Start;14M1.STR.O;Каскад 1;Дробилка;14M1;2.0;1.0;6.0;17.0;8.0;0.0;0.0;0.0;0.0;0.0;0.0;0.0;0.0;0.0;1.0;0.0;1.0;0.0;;;;;;;;;;;;;;;;;2059.0;0.0;0.0;0.0;0.0;;;;;;0.0
166;166;DR.L1.SD1.CMD_Start_Perm;14M1-RON.O;Каскад 1;Дробилка;14M1;2.0;1.0;6.0;17.0;9.0;0.0;0.0;0.0;0.0;0.0;0.0;0.0;0.0;0.0;1.0;0.0;1.0;0.0;;;;;;;;;;;;;;;;;2059.0;0.0;0.0;0.0;0.0;;;;;;0.0
167;167;DR.L1.SD1_NS_CMD_Start;16M1.STR.O;Каскад 1;Смазочный насос;16M1;2.0;1.0;6.0;17.0;10.0;0.0;0.0;0.0;0.0;0.0;0.0;0.0;0.0;0.0;1.0;0.0;1.0;0.0;;;;;;;;;;;;;;;;;2059.0;0.0;0.0;0.0;0.0;;;;;;0.0
168;168;DR.L1.SD1_NG_CMD_Start;15M1.STR.O;Каскад 1;Гидравлическая система;15M1;2.0;1.0;6.0;17.0;11.0;0.0;0.0;0.0;0.0;0.0;0.0;0.0;0.0;0.0;1.0;0.0;1.0;0.0;;;;;;;;;;;;;;;;;2059.0;0.0;0.0;0.0;0.0;;;;;;0.0
169;169;DR.L1.SD1_OV_CMD_Start;17M1.STR.O;Каскад 1;Охладитель вентилятора;17M1;2.0;1.0;6.0;17.0;12.0;0.0;0.0;0.0;0.0;0.0;0.0;0.0;0.0;0.0;1.0;0.0;1.0;0.0;;;;;;;;;;;;;;;;;2059.0;0.0;0.0;0.0;0.0;;;;;;0.0
170;170;DR.L1.SD1_VN_CMD_Start;18M1.STR.O;Каскад 1;Воздуходувка;18M1;2.0;1.0;6.0;17.0;13.0;0.0;0.0;0.0;0.0;0.0;0.0;0.0;0.0;0.0;1.0;0.0;1.0;0.0;;;;;;;;;;;;;;;;;2059.0;0.0;0.0;0.0;0.0;;;;;;0.0
171;171;DR.L1.SD1_MSN_CMD_Start;19R1.STR.O;Каскад 1;Нагреватели масла;19R1;2.0;1.0;6.0;17.0;14.0;0.0;0.0;0.0;0.0;0.0;0.0;0.0;0.0;0.0;1.0;0.0;1.0;0.0;;;;;;;;;;;;;;;;;2059.0;0.0;0.0;0.0;0.0;;;;;;0.0
172;172;DR.L1.K3A_VR_VFD_CMD_Start;24M1.STR.O;Каскад 1;Конвейер;24M1;2.0;1.0;6.0;17.0;18.0;0.0;0.0;0.0;0.0;0.0;0.0;0.0;0.0;0.0;1.0;0.0;1.0;0.0;;;;;;;;;;;;;;;;;2059.0;0.0;0.0;0.0;0.0;;;;;;0.0
173;173;DR.L1.MD1.CMD_Start;M1.STR.O;Каскад 1;Дробилка;M1;2.0;1.0;6.0;17.0;19.0;0.0;0.0;0.0;0.0;0.0;0.0;0.0;0.0;0.0;1.0;0.0;1.0;0.0;;;;;;;;;;;;;;;;;2059.0;0.0;0.0;0.0;0.0;;;;;;0.0
174;174;DR.L1.MD1.CMD_Start_Perm;M1-RON.O;Каскад 1;Дробилка;M1;2.0;1.0;6.0;17.0;20.0;0.0;0.0;0.0;0.0;0.0;0.0;0.0;0.0;0.0;1.0;0.0;1.0;0.0;;;;;;;;;;;;;;;;;2059.0;0.0;0.0;0.0;0.0;;;;;;0.0
175;175;DR.L1.MD1_OV1_CMD_Start;29M1.STR.O;Каскад 1;Охладитель вентилятора 1;29M1;2.0;1.0;6.0;17.0;21.0;0.0;0.0;0.0;0.0;0.0;0.0;0.0;0.0;0.0;1.0;0.0;1.0;0.0;;;;;;;;;;;;;;;;;2059.0;0.0;0.0;0.0;0.0;;;;;;0.0
176;176;DR.L1.MD1_OV2_CMD_Start;30M1.STR.O;Каскад 1;Охладитель вентилятора 2;30M1;2.0;1.0;6.0;17.0;22.0;0.0;0.0;0.0;0.0;0.0;0.0;0.0;0.0;0.0;1.0;0.0;1.0;0.0;;;;;;;;;;;;;;;;;2059.0;0.0;0.0;0.0;0.0;;;;;;0.0
177;177;DR.L1.MD1_NS1_CMD_Start;27M1.STR.O;Каскад 1;Смазочный насос 1;27M1;2.0;1.0;6.0;17.0;23.0;0.0;0.0;0.0;0.0;0.0;0.0;0.0;0.0;0.0;1.0;0.0;1.0;0.0;;;;;;;;;;;;;;;;;2059.0;0.0;0.0;0.0;0.0;;;;;;0.0
178;178;DR.L1.MD1_NS2_CMD_Start;28M1.STR.O;Каскад 1;Смазочный насос 2;28M1;2.0;1.0;6.0;17.0;24.0;0.0;0.0;0.0;0.0;0.0;0.0;0.0;0.0;0.0;1.0;0.0;1.0;0.0;;;;;;;;;;;;;;;;;2059.0;0.0;0.0;0.0;0.0;;;;;;0.0
179;179;DR.L1.MD1_VN_CMD_Start;31M1.STR.O;Каскад 1;Воздуходувка;31M1;2.0;1.0;6.0;17.0;25.0;0.0;0.0;0.0;0.0;0.0;0.0;0.0;0.0;0.0;1.0;0.0;1.0;0.0;;;;;;;;;;;;;;;;;2059.0;0.0;0.0;0.0;0.0;;;;;;0.0
180;180;DR.L1.MD1_MSN_CMD_Start;32R1.STR.O;Каскад 1;Нагреватели масла;32R1;2.0;1.0;6.0;17.0;26.0;0.0;0.0;0.0;0.0;0.0;0.0;0.0;0.0;0.0;1.0;0.0;1.0;0.0;;;;;;;;;;;;;;;;;2059.0;0.0;0.0;0.0;0.0;;;;;;0.0
181;181;DR.L1.MD1_NG_CMD_Start;26M1.STR.O;Каскад 1;Гидравлический насос;26M1;2.0;1.0;6.0;17.0;27.0;0.0;0.0;0.0;0.0;0.0;0.0;0.0;0.0;0.0;1.0;0.0;1.0;0.0;;;;;;;;;;;;;;;;;2059.0;0.0;0.0;0.0;0.0;;;;;;0.0
182;182;182;AL-20.O;Каскад 1;Конвейер;11M1;2.0;1.0;6.0;17.0;28.0;0.0;0.0;0.0;0.0;0.0;0.0;0.0;0.0;0.0;1.0;0.0;1.0;0.0;;;;;;;;;;;;;;;;;2059.0;0.0;0.0;0.0;0.0;;;;;;0.0
183;183;183;AL-01.O;Каскад 1;ПМУ;12M1;2.0;1.0;6.0;17.0;30.0;0.0;0.0;0.0;0.0;0.0;0.0;0.0;0.0;0.0;1.0;0.0;1.0;0.0;;;;;;;;;;;;;;;;;2059.0;0.0;0.0;0.0;0.0;;;;;;0.0
184;184;DR.L1.SD1.CMD_Lmp_Started;AL-02.O;Каскад 1;Дробилка;14M1;2.0;1.0;6.0;17.0;31.0;0.0;0.0;0.0;0.0;0.0;0.0;0.0;0.0;0.0;1.0;0.0;1.0;0.0;;;;;;;;;;;;;;;;;2059.0;0.0;0.0;0.0;0.0;;;;;;0.0
185;185;DR.L1.PMU1.CMD_Snd;AL-03.O;Каскад 1;ПМУ;Cascad;2.0;1.0;6.0;17.0;32.0;0.0;0.0;0.0;0.0;0.0;0.0;0.0;0.0;0.0;1.0;0.0;1.0;0.0;;;;;;;;;;;;;;;;;2059.0;0.0;0.0;0.0;0.0;;;;;;0.0
186;186;DR.L1.SD1_NS_CMD_Lmp_Started;AL-04.O;Каскад 1;Смазочный насос;16M1;2.0;1.0;6.0;18.0;1.0;0.0;0.0;0.0;0.0;0.0;0.0;0.0;0.0;0.0;1.0;0.0;1.0;0.0;;;;;;;;;;;;;;;;;2059.0;0.0;0.0;0.0;0.0;;;;;;0.0
187;187;DR.L1.SD1_OV_CMD_Lmp_Started;AL-05.O;Каскад 1;Охладитель вентилятора;17M1;2.0;1.0;6.0;18.0;2.0;0.0;0.0;0.0;0.0;0.0;0.0;0.0;0.0;0.0;1.0;0.0;1.0;0.0;;;;;;;;;;;;;;;;;2059.0;0.0;0.0;0.0;0.0;;;;;;0.0
188;188;DR.L1.SD1_VN_CMD_Lmp_Started;AL-06.O;Каскад 1;Воздуходувка;18M1;2.0;1.0;6.0;18.0;3.0;0.0;0.0;0.0;0.0;0.0;0.0;0.0;0.0;0.0;1.0;0.0;1.0;0.0;;;;;;;;;;;;;;;;;2059.0;0.0;0.0;0.0;0.0;;;;;;0.0
189;189;DR.L1.PMU2.CMD_Snd;AL-07.O;Каскад 1;ПМУ;Cascad;2.0;1.0;6.0;18.0;4.0;0.0;0.0;0.0;0.0;0.0;0.0;0.0;0.0;0.0;1.0;0.0;1.0;0.0;;;;;;;;;;;;;;;;;2059.0;0.0;0.0;0.0;0.0;;;;;;0.0
190;190;DR.L1.GR2_PMU_CMD_Lmp_Started;AL-08.O;Каскад 1;ПМУ;22M1;2.0;1.0;6.0;18.0;5.0;0.0;0.0;0.0;0.0;0.0;0.0;0.0;0.0;0.0;1.0;0.0;1.0;0.0;;;;;;;;;;;;;;;;;2059.0;0.0;0.0;0.0;0.0;;;;;;0.0
191;191;DR.L1.PMU3.CMD_Snd;AL-09.O;Каскад 1;ПМУ;Cascad;2.0;1.0;6.0;18.0;6.0;0.0;0.0;0.0;0.0;0.0;0.0;0.0;0.0;0.0;1.0;0.0;1.0;0.0;;;;;;;;;;;;;;;;;2059.0;0.0;0.0;0.0;0.0;;;;;;0.0
192;192;DR.L1.MD1.CMD_Lmp_Started;AL-10.O;Каскад 1;Дробилка;M1;2.0;1.0;6.0;18.0;7.0;0.0;0.0;0.0;0.0;0.0;0.0;0.0;0.0;0.0;1.0;0.0;1.0;0.0;;;;;;;;;;;;;;;;;2059.0;0.0;0.0;0.0;0.0;;;;;;0.0
193;193;DR.L1.MD1_NS1_CMD_Lmp_Started;AL-11.O;Каскад 1;Смазочный насос 1;27M1;2.0;1.0;6.0;18.0;8.0;0.0;0.0;0.0;0.0;0.0;0.0;0.0;1.0;0.0;1.0;1.0;1.0;0.0;;;;;;;;;;;;;;;;;2059.0;0.0;0.0;0.0;0.0;;;;;;0.0
194;194;DR.L1.MD1_NS2_CMD_Lmp_Started;AL-12.O;Каскад 1;Смазочный насос 2;28M1;2.0;1.0;6.0;18.0;9.0;0.0;0.0;0.0;0.0;0.0;0.0;0.0;0.0;0.0;1.0;0.0;1.0;0.0;;;;;;;;;;;;;;;;;2059.0;0.0;0.0;0.0;0.0;;;;;;0.0
195;195;DR.L1.MD1_OV1_CMD_Lmp_Started;AL-13.O;Каскад 1;Охладитель вентилятора 1;29M1;2.0;1.0;6.0;18.0;10.0;0.0;0.0;0.0;0.0;0.0;0.0;0.0;0.0;0.0;1.0;0.0;1.0;0.0;;;;;;;;;;;;;;;;;2059.0;0.0;0.0;0.0;0.0;;;;;;0.0
196;196;DR.L1.MD1_OV2_CMD_Lmp_Started;AL-14.O;Каскад 1;Охладитель вентилятора 2;30M1;2.0;1.0;6.0;18.0;11.0;0.0;0.0;0.0;0.0;0.0;0.0;0.0;0.0;0.0;1.0;0.0;1.0;0.0;;;;;;;;;;;;;;;;;2059.0;0.0;0.0;0.0;0.0;;;;;;0.0
197;197;DR.L1.MD1_VN_CMD_Lmp_Started;AL-15.O;Каскад 1;Воздуходувка;31M1;2.0;1.0;6.0;18.0;12.0;0.0;0.0;0.0;0.0;0.0;0.0;0.0;0.0;0.0;1.0;0.0;1.0;0.0;;;;;;;;;;;;;;;;;2059.0;0.0;0.0;0.0;0.0;;;;;;0.0
198;198;DR.L1.K3A.CMD_Lmp_Started;AL-16.O;Каскад 1;Конвейер;24M1;2.0;1.0;6.0;18.0;13.0;0.0;0.0;0.0;0.0;0.0;0.0;0.0;0.0;0.0;1.0;0.0;1.0;0.0;;;;;;;;;;;;;;;;;2059.0;0.0;0.0;0.0;0.0;;;;;;0.0
199;199;DR.L1.SD1_GS.SOL1_CMD_On;SV1-01.O;Каскад 1;Гидравлическая система;SOL1;2.0;1.0;6.0;18.0;14.0;0.0;0.0;0.0;0.0;0.0;0.0;0.0;0.0;0.0;1.0;0.0;1.0;0.0;;;;;;;;;;;;;;;;;2059.0;0.0;0.0;0.0;0.0;;;;;;0.0
200;200;DR.L1.SD1_GS.SOL2_CMD_On;SV1-02.O;Каскад 1;Гидравлическая система;SOL2;2.0;1.0;6.0;18.0;15.0;0.0;0.0;0.0;0.0;0.0;0.0;0.0;0.0;0.0;1.0;0.0;1.0;0.0;;;;;;;;;;;;;;;;;2059.0;0.0;0.0;0.0;0.0;;;;;;0.0
201;201;DR.L1.SD1_GS.SOL3_CMD_On;SV1-03.O;Каскад 1;Гидравлическая система;SOL3;2.0;1.0;6.0;18.0;16.0;0.0;0.0;0.0;0.0;0.0;0.0;0.0;0.0;0.0;1.0;0.0;1.0;0.0;;;;;;;;;;;;;;;;;2059.0;0.0;0.0;0.0;0.0;;;;;;0.0
202;202;DR.L1.SD1_GS.SOL4_CMD_On;SV1-04.O;Каскад 1;Гидравлическая система;SOL4;2.0;1.0;6.0;18.0;17.0;0.0;0.0;0.0;0.0;0.0;0.0;0.0;0.0;0.0;1.0;0.0;1.0;0.0;;;;;;;;;;;;;;;;;2059.0;0.0;0.0;0.0;0.0;;;;;;0.0
203;203;DR.L1.SD1_GS.SOL5_CMD_On;SV1-05.O;Каскад 1;Гидравлическая система;SOL5;2.0;1.0;6.0;18.0;18.0;0.0;0.0;0.0;0.0;0.0;0.0;0.0;0.0;0.0;1.0;0.0;1.0;0.0;;;;;;;;;;;;;;;;;2059.0;0.0;0.0;0.0;0.0;;;;;;0.0
204;204;DR.L1.SD1_GS.SOL6_CMD_On;SV1-06.O;Каскад 1;Гидравлическая система;SOL6;2.0;1.0;6.0;18.0;19.0;0.0;0.0;0.0;0.0;0.0;0.0;0.0;0.0;0.0;1.0;0.0;1.0;0.0;;;;;;;;;;;;;;;;;2059.0;0.0;0.0;0.0;0.0;;;;;;0.0
205;205;DR.L1.SD1_GS.SOL7_CMD_On;SV1-07.O;Каскад 1;Гидравлическая система;SOL7;2.0;1.0;6.0;18.0;20.0;0.0;0.0;0.0;0.0;0.0;0.0;0.0;0.0;0.0;1.0;0.0;1.0;0.0;;;;;;;;;;;;;;;;;2059.0;0.0;0.0;0.0;0.0;;;;;;0.0
206;206;DR.L1.SD1_GS.SOL8_CMD_On;SV1-08.O;Каскад 1;Гидравлическая система;SOL8;2.0;1.0;6.0;18.0;21.0;0.0;0.0;0.0;0.0;0.0;0.0;0.0;0.0;0.0;1.0;0.0;1.0;0.0;;;;;;;;;;;;;;;;;2059.0;0.0;0.0;0.0;0.0;;;;;;0.0
207;207;DR.L1.PMU.CMD_EmergStop_Ack;ES.RST.O;Каскад 1;ПМУ;Cascad;2.0;1.0;6.0;18.0;22.0;0.0;0.0;0.0;0.0;0.0;0.0;0.0;0.0;0.0;1.0;0.0;1.0;0.0;;;;;;;;;;;;;;;;;2059.0;0.0;0.0;0.0;0.0;;;;;;0.0
208;208;208;22M1.STR.O;Каскад 1;Грохот;22M1;2.0;1.0;6.0;19.0;7.0;0.0;0.0;0.0;0.0;0.0;0.0;0.0;0.0;0.0;1.0;0.0;1.0;0.0;;;;;;;;;;;;;;;;;2059.0;0.0;0.0;0.0;0.0;;;;;;0.0
209;209;209;22M1ASK.O;Каскад 1;Грохот;22M1;2.0;1.0;6.0;19.0;8.0;0.0;0.0;0.0;0.0;0.0;0.0;0.0;0.0;0.0;1.0;0.0;1.0;0.0;;;;;;;;;;;;;;;;;2059.0;0.0;0.0;0.0;0.0;;;;;;0.0
210;210;210;22M1C1.O;Каскад 1;Очистка 1;22M1C1;2.0;1.0;6.0;19.0;9.0;0.0;0.0;0.0;0.0;0.0;0.0;0.0;0.0;0.0;1.0;0.0;1.0;0.0;;;;;;;;;;;;;;;;;2059.0;0.0;0.0;0.0;0.0;;;;;;0.0
211;211;211;22M1C2.O;Каскад 1;Очистка 2;22M1C2;2.0;1.0;6.0;19.0;10.0;0.0;0.0;0.0;0.0;0.0;0.0;0.0;0.0;0.0;1.0;0.0;1.0;0.0;;;;;;;;;;;;;;;;;2059.0;0.0;0.0;0.0;0.0;;;;;;0.0
212;212;212;22M1EN.O;Каскад 1;Энкодер;22M1EN;2.0;1.0;6.0;19.0;11.0;0.0;0.0;0.0;0.0;0.0;0.0;0.0;0.0;0.0;1.0;0.0;1.0;0.0;;;;;;;;;;;;;;;;;2059.0;0.0;0.0;0.0;0.0;;;;;;0.0
213;213;DR.L1.MD1_GS_FB_EmergStop;PB1.PB3.I;Каскад 1;Шкаф гидравлики;SOL1..9;3.0;1.0;2.0;20.0;1.0;0.5;0.0;0.0;0.0;0.0;0.0;0.0;0.0;0.0;1.0;0.0;1.0;0.0;;;;;;;;;;;;;;;;;2087.0;0.0;0.0;0.0;0.0;;;;;;0.0
214;214;DR.L1.MD1_GS_Manual;SS6.I;Каскад 1;Шкаф гидравлики;SOL1..9;3.0;1.0;2.0;20.0;2.0;0.5;0.0;0.0;0.0;0.0;0.0;0.0;1.0;0.0;1.0;1.0;1.0;0.0;;;;;;;;;;;;;;;;;2087.0;0.0;0.0;0.0;0.0;;;;;;0.0
215;215;DR.L1.MD1_GS_SS2_1;SS2.1.I;Каскад 1;Шкаф гидравлики;SOL5;3.0;1.0;2.0;20.0;3.0;0.5;0.0;0.0;0.0;0.0;0.0;0.0;0.0;0.0;1.0;0.0;1.0;0.0;;;;;;;;;;;;;;;;;2087.0;0.0;0.0;0.0;0.0;;;;;;0.0
216;216;DR.L1.MD1_GS_SS2_2;SS2.2.I;Каскад 1;Шкаф гидравлики;SOL6;3.0;1.0;2.0;20.0;4.0;0.5;0.0;0.0;0.0;0.0;0.0;0.0;0.0;0.0;1.0;0.0;1.0;0.0;;;;;;;;;;;;;;;;;2087.0;0.0;0.0;0.0;0.0;;;;;;0.0
217;217;DR.L1.MD1_GS_SS7_1;SS7.1.I;Каскад 1;Шкаф гидравлики;SOL2;3.0;1.0;2.0;20.0;5.0;0.5;0.0;0.0;0.0;0.0;0.0;0.0;0.0;0.0;1.0;0.0;1.0;0.0;;;;;;;;;;;;;;;;;2087.0;0.0;0.0;0.0;0.0;;;;;;0.0
218;218;DR.L1.MD1_GS_SS3;SS3.I;Каскад 1;Шкаф гидравлики;SOL8;3.0;1.0;2.0;20.0;6.0;0.5;0.0;0.0;0.0;0.0;0.0;0.0;0.0;0.0;1.0;0.0;1.0;0.0;;;;;;;;;;;;;;;;;2087.0;0.0;0.0;0.0;0.0;;;;;;0.0
219;219;DR.L1.MD1_GS_SS7_2;SS7.2.I;Каскад 1;Шкаф гидравлики;SOL3;3.0;1.0;2.0;20.0;7.0;0.5;0.0;0.0;0.0;0.0;0.0;0.0;0.0;0.0;1.0;0.0;1.0;0.0;;;;;;;;;;;;;;;;;2087.0;0.0;0.0;0.0;0.0;;;;;;0.0
220;220;DR.L1.MD1_GS_PB2;PB2.I;Каскад 1;Шкаф гидравлики;SOL7;3.0;1.0;2.0;20.0;8.0;0.5;0.0;0.0;0.0;0.0;0.0;0.0;0.0;0.0;1.0;0.0;1.0;0.0;;;;;;;;;;;;;;;;;2087.0;0.0;0.0;0.0;0.0;;;;;;0.0
221;221;DR.L1.MD1_GS_SS4;SS4.I;Каскад 1;Шкаф гидравлики;SOL4;3.0;1.0;2.0;20.0;9.0;0.5;0.0;0.0;0.0;0.0;0.0;0.0;0.0;0.0;1.0;0.0;1.0;0.0;;;;;;;;;;;;;;;;;2087.0;0.0;0.0;0.0;0.0;;;;;;0.0
222;222;DR.L1.MD1_GS_HA_m;LSL-1.I;Каскад 1;Шкаф гидравлики;SOL1..9;3.0;1.0;2.0;20.0;11.0;0.5;0.0;0.0;0.0;0.0;0.0;0.0;0.0;0.0;1.0;0.0;1.0;0.0;;;;;;;;;;;;;;;;;2087.0;0.0;0.0;0.0;0.0;;;;;;0.0
223;223;DR.L1.MD1_GS_P;DPSH-1.I;Каскад 1;Шкаф гидравлики;SOL1..9;3.0;1.0;2.0;20.0;12.0;0.5;0.0;0.0;0.0;0.0;0.0;0.0;0.0;0.0;1.0;0.0;1.0;0.0;;;;;;;;;;;;;;;;;2087.0;0.0;0.0;0.0;0.0;;;;;;0.0
224;224;DR.L1.MD1_GS_Local;HU.LD.I;Каскад 1;Шкаф гидравлики;SOL1..9;3.0;1.0;2.0;20.0;13.0;0.5;0.0;0.0;0.0;0.0;0.0;0.0;0.0;0.0;1.0;0.0;1.0;0.0;;;;;;;;;;;;;;;;;2087.0;0.0;0.0;0.0;0.0;;;;;;0.0
225;225;225;JMP.I;Каскад 1;Шкаф гидравлики;SOL1..9;3.0;1.0;2.0;20.0;22.0;0.5;0.0;0.0;0.0;0.0;0.0;0.0;0.0;0.0;1.0;0.0;1.0;0.0;;;;;;;;;;;;;;;;;2087.0;0.0;0.0;0.0;0.0;;;;;;0.0
226;226;DR.L1.MD1_GS_ZSO1;ZSO-1.I;Каскад 1;Шкаф гидравлики;SOL1..9;3.0;1.0;2.0;20.0;23.0;0.5;0.0;0.0;0.0;0.0;0.0;0.0;0.0;0.0;1.0;0.0;1.0;0.0;;;;;;;;;;;;;;;;;2087.0;0.0;0.0;0.0;0.0;;;;;;0.0
227;227;227;+24V-ON.1.I;Каскад 1;Шкаф гидравлики;SOL1..9;3.0;1.0;2.0;20.0;26.0;0.5;0.0;0.0;0.0;0.0;0.0;0.0;0.0;0.0;1.0;0.0;1.0;0.0;;;;;;;;;;;;;;;;;2087.0;0.0;0.0;0.0;0.0;;;;;;0.0
228;228;228;+24V-ON.2.I;Каскад 1;Шкаф гидравлики;SOL1..9;3.0;1.0;2.0;20.0;27.0;0.5;0.0;0.0;0.0;0.0;0.0;0.0;0.0;0.0;1.0;0.0;1.0;0.0;;;;;;;;;;;;;;;;;2087.0;0.0;0.0;0.0;0.0;;;;;;0.0
229;229;229;+24V-ON.3.I;Каскад 1;Шкаф гидравлики;SOL1..9;3.0;1.0;2.0;20.0;28.0;0.5;0.0;0.0;0.0;0.0;0.0;0.0;0.0;0.0;1.0;0.0;1.0;0.0;;;;;;;;;;;;;;;;;2087.0;0.0;0.0;0.0;0.0;;;;;;0.0
230;230;DR.L1.MD1_GS.SOL1_CMD_On;SOL1.O;Каскад 1;Шкаф гидравлики;SOL1;3.0;1.0;6.0;21.0;2.0;0.0;0.0;0.0;0.0;0.0;0.0;0.0;0.0;0.0;1.0;0.0;1.0;0.0;;;;;;;;;;;;;;;;;2059.0;0.0;0.0;0.0;0.0;;;;;;0.0
231;231;DR.L1.MD1_GS.SOL2_CMD_On;SOL2.O;Каскад 1;Шкаф гидравлики;SOL2;3.0;1.0;6.0;21.0;3.0;0.0;0.0;0.0;0.0;0.0;0.0;0.0;0.0;0.0;1.0;0.0;1.0;0.0;;;;;;;;;;;;;;;;;2059.0;0.0;0.0;0.0;0.0;;;;;;0.0
232;232;DR.L1.MD1_GS.SOL3_CMD_On;SOL3.O;Каскад 1;Шкаф гидравлики;SOL3;3.0;1.0;6.0;21.0;4.0;0.0;0.0;0.0;0.0;0.0;0.0;0.0;0.0;0.0;1.0;0.0;1.0;0.0;;;;;;;;;;;;;;;;;2059.0;0.0;0.0;0.0;0.0;;;;;;0.0
233;233;DR.L1.MD1_GS.SOL4_CMD_On;SOL4.O;Каскад 1;Шкаф гидравлики;SOL4;3.0;1.0;6.0;21.0;5.0;0.0;0.0;0.0;0.0;0.0;0.0;0.0;0.0;0.0;1.0;0.0;1.0;0.0;;;;;;;;;;;;;;;;;2059.0;0.0;0.0;0.0;0.0;;;;;;0.0
234;234;DR.L1.MD1_GS.SOL5_CMD_On;SOL5.O;Каскад 1;Шкаф гидравлики;SOL5;3.0;1.0;6.0;21.0;6.0;0.0;0.0;0.0;0.0;0.0;0.0;0.0;0.0;0.0;1.0;0.0;1.0;0.0;;;;;;;;;;;;;;;;;2059.0;0.0;0.0;0.0;0.0;;;;;;0.0
235;235;DR.L1.MD1_GS.SOL6_CMD_On;SOL6.O;Каскад 1;Шкаф гидравлики;SOL6;3.0;1.0;6.0;21.0;7.0;0.0;0.0;0.0;0.0;0.0;0.0;0.0;0.0;0.0;1.0;0.0;1.0;0.0;;;;;;;;;;;;;;;;;2059.0;0.0;0.0;0.0;0.0;;;;;;0.0
236;236;DR.L1.MD1_GS.SOL7_CMD_On;SOL7.O;Каскад 1;Шкаф гидравлики;SOL7;3.0;1.0;6.0;21.0;8.0;0.0;0.0;0.0;0.0;0.0;0.0;0.0;0.0;0.0;1.0;0.0;1.0;0.0;;;;;;;;;;;;;;;;;2059.0;0.0;0.0;0.0;0.0;;;;;;0.0
237;237;DR.L1.MD1_GS.SOL8_CMD_On;SOL8.O;Каскад 1;Шкаф гидравлики;SOL8;3.0;1.0;6.0;21.0;9.0;0.0;0.0;0.0;0.0;0.0;0.0;0.0;0.0;0.0;1.0;0.0;1.0;0.0;;;;;;;;;;;;;;;;;2059.0;0.0;0.0;0.0;0.0;;;;;;0.0
238;238;DR.L1.MD1_GS.SOL9_CMD_On;SOL9.O;Каскад 1;Шкаф гидравлики;SOL9;3.0;1.0;6.0;21.0;10.0;0.0;0.0;0.0;0.0;0.0;0.0;0.0;0.0;0.0;1.0;0.0;1.0;0.0;;;;;;;;;;;;;;;;;2059.0;0.0;0.0;0.0;0.0;;;;;;0.0
239;239;DR.L1.MD1_GS_CMD_Lmp_On_HA_m;LT4.O;Каскад 1;Шкаф гидравлики;SOL1..9;3.0;1.0;6.0;21.0;11.0;0.0;0.0;0.0;0.0;0.0;0.0;0.0;0.0;0.0;1.0;0.0;1.0;0.0;;;;;;;;;;;;;;;;;2059.0;0.0;0.0;0.0;0.0;;;;;;0.0
240;240;DR.L1.MD1_GS.FTR_CMD_Lmp_On_Clog;LT6.O;Каскад 1;Шкаф гидравлики;SOL1..9;3.0;1.0;6.0;21.0;12.0;0.0;0.0;0.0;0.0;0.0;0.0;0.0;0.0;0.0;1.0;0.0;1.0;0.0;;;;;;;;;;;;;;;;;2059.0;0.0;0.0;0.0;0.0;;;;;;0.0
241;241;DR.L1.MD1_GS_LT2;LT2.O;Каскад 1;Шкаф гидравлики;SOL1..9;3.0;1.0;6.0;21.0;15.0;0.0;0.0;0.0;0.0;0.0;0.0;0.0;0.0;0.0;1.0;0.0;1.0;0.0;;;;;;;;;;;;;;;;;2059.0;0.0;0.0;0.0;0.0;;;;;;0.0
242;242;DR.L1.MD1_GS_LT3;LT3.O;Каскад 1;Шкаф гидравлики;SOL1..9;3.0;1.0;6.0;21.0;16.0;0.0;0.0;0.0;0.0;0.0;0.0;0.0;0.0;0.0;1.0;0.0;1.0;0.0;;;;;;;;;;;;;;;;;2059.0;0.0;0.0;0.0;0.0;;;;;;0.0
243;243;DR.L1.MD1_GS_CMD_Lmp_On_TA_m;LT5.O;Каскад 1;Шкаф гидравлики;SOL1..9;3.0;1.0;6.0;21.0;17.0;0.0;0.0;0.0;0.0;0.0;0.0;0.0;0.0;0.0;1.0;0.0;1.0;0.0;;;;;;;;;;;;;;;;;2059.0;0.0;0.0;0.0;0.0;;;;;;0.0
244;244;DR.L1.MD1_GS_P_Zazh;PIT-1.I;Каскад 1;Шкаф гидравлики;SOL1..9;3.0;5.0;2.0;22.0;1.0;0.5;0.0;32000.0;-767.0;32767.0;0.0;0.0;200.0;0.0;250.0;200.0;250.0;0.0;;;;;;;;;;;;;;;;;6183.0;210.0;0.0;193.0;165.0;;;;;;13.0
245;245;DR.L1.MD1_GS_P_Vigr;PIT-2.I;Каскад 1;Шкаф гидравлики;SOL1..9;3.0;5.0;2.0;22.0;2.0;0.5;0.0;32000.0;-767.0;32767.0;0.0;0.0;200.0;0.0;250.0;200.0;250.0;0.0;;;;;;;;;;;;;;;;;6183.0;210.0;0.0;124.0;110.0;;;;;;13.0
246;246;DR.L1.MD1_GS_FK;PIT-6.I;Каскад 1;Шкаф гидравлики;SOL1..9;3.0;5.0;2.0;22.0;3.0;0.5;0.0;32000.0;-767.0;32767.0;0.0;0.0;0.0;0.0;250.0;0.0;250.0;0.0;;;;;;;;;;;;;;;;;6183.0;103.0;0.0;0.0;0.0;;;;;;1.0
247;247;DR.L1.MD1_GS_T_m;TIT-1.I;Каскад 1;Шкаф гидравлики;SOL1..9;3.0;5.0;2.0;22.0;4.0;0.5;0.0;32000.0;-767.0;32767.0;0.0;0.0;0.0;-40.0;302.0;0.0;302.0;-40.0;;;;;;;;;;;;;;;;;6183.0;140.0;150.0;0.0;0.0;;;;;;3.0
248;248;248;FIC-01.SP;Каскад 1;ПИД;1PID;0.0;8.0;1.0;0.0;0.0;0.0;0.0;0.0;0.0;0.0;0.0;0.0;0.0;0.0;900.0;0.0;900.0;0.0;;;;;;;;;;;;;;;;;3.0;0.0;0.0;0.0;0.0;;;;;;0.0
249;249;249;1M1.MVSP;Каскад 1;ПИД;1PID;0.0;8.0;1.0;0.0;0.0;0.0;0.0;0.0;0.0;0.0;0.0;0.0;0.0;0.0;100.0;0.0;100.0;0.0;;;;;;;;;;;;;;;;;3.0;0.0;0.0;0.0;0.0;;;;;;0.0
250;250;250;11M1.SP;Каскад 1;ПИД;11PID;0.0;8.0;1.0;0.0;0.0;0.0;0.0;0.0;0.0;0.0;0.0;0.0;0.0;0.0;100.0;0.0;100.0;0.0;;;;;;;;;;;;;;;;;3.0;0.0;0.0;0.0;0.0;;;;;;0.0
251;251;251;11M1.MVSP;Каскад 1;ПИД;11PID;0.0;8.0;1.0;0.0;0.0;0.0;0.0;0.0;0.0;0.0;0.0;0.0;0.0;0.0;100.0;0.0;100.0;0.0;;;;;;;;;;;;;;;;;3.0;0.0;0.0;0.0;0.0;;;;;;0.0
252;252;252;LIC-03.SP;Каскад 1;ПИД;24PID;0.0;8.0;1.0;0.0;0.0;0.0;0.0;0.0;0.0;0.0;0.0;0.0;0.0;0.0;100.0;0.0;100.0;0.0;;;;;;;;;;;;;;;;;3.0;0.0;0.0;0.0;0.0;;;;;;0.0
253;253;253;24M1.MVSP;Каскад 1;ПИД;24PID;0.0;8.0;1.0;0.0;0.0;0.0;0.0;0.0;0.0;0.0;0.0;0.0;0.0;0.0;100.0;0.0;100.0;0.0;;;;;;;;;;;;;;;;;3.0;0.0;0.0;0.0;0.0;;;;;;0.0
254;254;254;ALARML;Каскад 1;Последовательность;1.Cascad;0.0;8.0;7.0;0.0;0.0;1.0;0.0;0.0;0.0;0.0;0.0;0.0;1.0;0.0;1.0;1.0;1.0;0.0;;;;;;;;;;;;;;;;;33815.0;0.0;0.0;0.0;0.0;;;;;V51&V57&V66&V100&V102&V110&V136&V143&V146&V154&V106&V156;0.0
255;255;255;DT-14-11.F;Каскад 1;Маслосистема;M1;0.0;8.0;7.0;0.0;0.0;1.0;0.0;0.0;0.0;0.0;0.0;0.0;0.0;0.0;150.0;0.0;150.0;0.0;;;;;;;;;;;;;;;;;33799.0;0.0;0.0;0.0;0.0;;;;;V17-V36;0.0
256;256;256;2ZS_BOTH_OPCL;Каскад 1;Маслосистема;M1;0.0;8.0;7.0;0.0;0.0;1.0;0.0;0.0;0.0;0.0;0.0;0.0;0.0;0.0;1.0;0.0;1.0;0.0;;;;;;;;;;;;;;;;;33815.0;0.0;0.0;0.0;0.0;;;;;V111~V112=0;0.0
257;257;257;M1L.F.VT60;Каскад 1;Маслосистема;M1;0.0;8.0;7.0;0.0;0.0;1.0;0.0;0.0;0.0;0.0;0.0;0.0;0.0;-1000.0;1.0;0.0;1.0;-1000.0;;;;;;;;;;;;;;;;;33799.0;0.0;0.0;0.0;0.0;;;;;H12|H13|H14|H15&(E17<1)&E26?V257+1:-60;0.0
258;258;DR.L1.K3A.CMD_Start;11M1.RUN;Каскад 1;Конвейер;1.11M1;0.0;8.0;7.0;0.0;0.0;1.0;0.0;0.0;0.0;0.0;0.0;0.0;0.0;-1.0;1.0;0.0;1.0;-1.0;;;;;;;;;;;;;;;;;33799.0;0.9;0.0;-0.9;0.0;;;;;h10*E26-L10-E46;5.0
259;259;DR.L1.SEQ.Mode_Local;LOCAL;Каскад 1;Последовательность;1.Cascad;0.0;8.0;7.0;0.0;0.0;1.0;0.0;0.0;0.0;0.0;0.0;0.0;0.0;0.0;1.0;0.0;1.0;0.0;;;;;;;;;;;;;;;;;33799.0;0.0;0.0;0.0;0.0;;;;;V135|V142|V145;0.0
260;260;DR.L1.PIT3.L;LIC-02.HILO;Каскад 1;ПИД;1PID;0.0;8.0;7.0;0.0;0.0;1.0;0.0;0.0;0.0;0.0;0.0;0.0;0.0;-3.0;3.0;0.0;3.0;-3.0;;;;;;;;;;;;;;;;;33799.0;45536;45537;-1.9;-2.9;;;;;(l10*E45*2+l10*E4-h10*3+h10*E1)*E6*(E49<0.4)*(E47<0.4);15.0
261;261;DR.L1.SD1_GS.Gap_Calib_Perm;MS-01.K;Каскад 1;Гидравлическая система;SV1-01..8;0.0;8.0;1.0;0.0;0.0;1.0;0.0;0.0;0.0;0.0;0.0;0.0;0.0;0.0;1.0;0.0;1.0;0.0;;;;;;;;;;;;;;;;;3.0;0.0;0.0;0.0;0.0;;;;;;0.0
262;262;DR.L1.MD1_GS.Gap_Calib_Perm;MS-03.K;Каскад 1;Шкаф гидравлики;SOL1..9;0.0;8.0;1.0;0.0;0.0;1.0;0.0;0.0;0.0;0.0;0.0;0.0;0.0;0.0;1.0;0.0;1.0;0.0;;;;;;;;;;;;;;;;;3.0;0.0;0.0;0.0;0.0;;;;;;0.0
263;263;DR.L1.SD1_GS_Gap_SP;MS-01.SP;Каскад 1;Гидравлическая система;SV1-01..8;0.0;8.0;1.0;0.0;0.0;0.0;0.0;0.0;0.0;0.0;0.0;0.0;0.0;6.0;20.0;0.0;20.0;6.0;;;;;;;;;;;;;;;;;131.0;0.0;0.0;0.0;0.0;;;;;;0.0
264;264;DR.L1.MD1_GS.Gap_SP;MS-03.SP;Каскад 1;Шкаф гидравлики;SOL1..9;0.0;8.0;1.0;0.0;0.0;0.0;0.0;0.0;0.0;0.0;0.0;0.0;0.0;6.0;20.0;0.0;20.0;6.0;;;;;;;;;;;;;;;;;131.0;0.0;0.0;0.0;0.0;;;;;;0.0
265;265;DR.L1.SD1_GS.Gap_PV;MS-01.ME;Каскад 1;Гидравлическая система;SV1-01..8;0.0;8.0;1.0;0.0;0.0;0.0;0.0;0.0;0.0;0.0;0.0;0.0;0.0;0.0;20.0;0.0;20.0;0.0;;;;;;;;;;;;;;;;;131.0;0.0;0.0;0.0;0.0;;;;;;0.0
266;266;DR.L1.MD1_GS.Gap_PV;MS-03.ME;Каскад 1;Шкаф гидравлики;SOL1..9;0.0;8.0;1.0;0.0;0.0;0.0;0.0;0.0;0.0;0.0;0.0;0.0;0.0;0.0;20.0;0.0;20.0;0.0;;;;;;;;;;;;;;;;;131.0;0.0;0.0;0.0;0.0;;;;;;0.0
267;267;DR.L1.SD1_GS.Gap_Corr_Perm;MS-01.OP;Каскад 1;Гидравлическая система;SV1-01..8;0.0;8.0;1.0;0.0;0.0;0.0;0.0;0.0;0.0;0.0;0.0;0.0;0.0;0.0;1.0;0.0;1.0;0.0;;;;;;;;;;;;;;;;;3.0;0.0;0.0;0.0;0.0;;;;;;0.0
268;268;DR.L1.MD1_GS.Gap_Corr_Perm;MS-03.OP;Каскад 1;Шкаф гидравлики;SOL1..9;0.0;8.0;1.0;0.0;0.0;0.0;0.0;0.0;0.0;0.0;0.0;0.0;0.0;0.0;1.0;0.0;1.0;0.0;;;;;;;;;;;;;;;;;3.0;0.0;0.0;0.0;0.0;;;;;;0.0
269;269;DR.L1.SD1_GS.Underlay_Thickness;MS-01.d0;Каскад 1;Гидравлическая система;SV1-01..8;0.0;8.0;1.0;0.0;0.0;0.0;0.0;0.0;0.0;0.0;0.0;0.0;0.0;0.0;5.0;0.0;5.0;0.0;;;;;;;;;;;;;;;;;131.0;0.0;0.0;0.0;0.0;;;;;;0.0
270;270;DR.L1.MD1_GS.Underlay_Thickness;MS-03.d0;Каскад 1;Шкаф гидравлики;SOL1..9;0.0;8.0;1.0;0.0;0.0;0.0;0.0;0.0;0.0;0.0;0.0;0.0;0.0;0.0;5.0;0.0;5.0;0.0;;;;;;;;;;;;;;;;;131.0;0.0;0.0;0.0;0.0;;;;;;0.0
271;271;DR.L1.SD1_GS.Gap_Calc;MS-01.C;Каскад 1;Гидравлическая система;SV1-01..8;0.0;8.0;7.0;0.0;0.0;0.5;0.0;0.0;0.0;0.0;0.0;0.0;0.0;0.0;3.0;0.0;3.0;0.0;;;;;;;;;;;;;;;;;33799.0;0.0;0.0;0.0;0.0;;;;;V79?V269@265*0+V76*2+V77:V76*2+V77=V271?V271:E40+E41?V265+0.045*(E40-E41)@265*0+V76*2+V77:V76*2+V77;0.0
272;272;DR.L1.MD1_GS.Gap_Calc;MS-03.C;Каскад 1;Шкаф гидравлики;SOL1..9;0.0;8.0;7.0;0.0;0.0;0.5;0.0;0.0;0.0;0.0;0.0;0.0;0.0;0.0;3.0;0.0;3.0;0.0;;;;;;;;;;;;;;;;;33799.0;0.0;0.0;0.0;0.0;;;;;V277?V270Q266*0+V116*2+V117:V116*2+V117=V272?V272:V231+V232?V266+0.0575*(V231-V232)@266*0+V116*2+V117:V116*2+V117;0.0
273;273;DR.L1.SD1_GS.Delta_PV_SP;MS-01.D;Каскад 1;Гидравлическая система;SV1-01..8;0.0;8.0;7.0;0.0;0.0;0.5;0.0;0.0;0.0;0.0;0.0;0.0;0.0;-20.0;20.0;0.0;20.0;-20.0;;;;;;;;;;;;;;;;;33799.0;0.05;0.18;-0.05;-0.18;;;;;V263-V265;15.0
274;274;DR.L1.MD1_GS.Delta_PV_SP;MS-03.D;Каскад 1;Шкаф гидравлики;SOL1..9;0.0;8.0;7.0;0.0;0.0;0.5;0.0;0.0;0.0;0.0;0.0;0.0;0.0;-20.0;20.0;0.0;20.0;-20.0;;;;;;;;;;;;;;;;;33799.0;0.06;0.23;-0.06;-0.23;;;;;V264-V266;15.0
275;275;DR.L1.MD1_GS.CMD_Start_Zazh_Manual;SS4.M;Каскад 1;Шкаф гидравлики;SOL9;0.0;8.0;7.0;0.0;0.0;1.0;0.0;0.0;0.0;0.0;0.0;0.0;0.0;0.0;1.0;0.0;1.0;0.0;;;;;;;;;;;;;;;;;33799.0;0.0;0.0;0.0;0.0;;;;;V215|V216&V221;0.0
276;276;DR.L1.MD1_GS.P_FK_Max;PIT-6.M;Каскад 1;Шкаф гидравлики;SOL3;0.0;8.0;7.0;0.0;0.0;1.0;0.0;0.0;0.0;0.0;0.0;0.0;0.0;-1000.0;250.0;0.0;250.0;-1000.0;;;;;;;;;;;;;;;;;33799.0;0.0;0.0;0.0;0.0;;;;;V232=0?-1000:V276<0?V276+1:V276=0?V246+14:V276;0.0
277;277;DR.L1.MD1_GS.FK_On;PIT-6.S;Каскад 1;Шкаф гидравлики;SOL3;0.0;8.0;7.0;0.0;0.0;1.0;0.0;0.0;0.0;0.0;0.0;0.0;0.0;0.0;1.0;0.0;1.0;0.0;;;;;;;;;;;;;;;;;33799.0;0.0;0.0;0.0;0.0;;;;;(V276>0)&(V246>V276)|h246&V232|H246;0.0
278;278;DR.L1.MD1_GS.CMD_Lmp_m_HL;LT4.С;Каскад 1;Шкаф гидравлики;SOL1..9;0.0;8.0;7.0;0.0;0.0;1.0;0.0;0.0;0.0;0.0;0.0;0.0;0.0;0.0;1.0;0.0;1.0;0.0;;;;;;;;;;;;;;;;;33799.0;0.0;0.0;0.0;0.0;;;;;V222@239;0.0
279;279;DR.L1.MD1_GS.CMD_Lmp_FTR_Clog;LT6.С;Каскад 1;Шкаф гидравлики;SOL1..9;0.0;8.0;7.0;0.0;0.0;1.0;0.0;0.0;0.0;0.0;0.0;0.0;0.0;0.0;1.0;0.0;1.0;0.0;;;;;;;;;;;;;;;;;33799.0;0.0;0.0;0.0;0.0;;;;;V223@240;0.0
280;280;DR.L1.MD1_GS.CMD_Lmp_Zazh_HL;LT2.С;Каскад 1;Шкаф гидравлики;SOL1..9;0.0;8.0;7.0;0.0;0.0;1.0;0.0;0.0;0.0;0.0;0.0;0.0;0.0;0.0;1.0;0.0;1.0;0.0;;;;;;;;;;;;;;;;;33799.0;0.0;0.0;0.0;0.0;;;;;Q244<192|L244&V255@241;0.0
281;281;DR.L1.MD1_GS.CMD_Lmp_Razh_HL;LT3.С;Каскад 1;Шкаф гидравлики;SOL1..9;0.0;8.0;7.0;0.0;0.0;1.0;0.0;0.0;0.0;0.0;0.0;0.0;0.0;0.0;1.0;0.0;1.0;0.0;;;;;;;;;;;;;;;;;33799.0;0.0;0.0;0.0;0.0;;;;;Q245<192|L245&V255@242;0.0
282;282;DR.L1.MD1_GS.CMD_Lmp_m_TA;LT5.С;Каскад 1;Шкаф гидравлики;SOL1..9;0.0;8.0;7.0;0.0;0.0;1.0;0.0;0.0;0.0;0.0;0.0;0.0;0.0;0.0;1.0;0.0;1.0;0.0;;;;;;;;;;;;;;;;;33799.0;0.0;0.0;0.0;0.0;;;;;Q247<192|H247@243;0.0
283;283;DR.L1.SD1_GS.ST_Started;MS-01.M;Каскад 1;Гидравлическая система;SV1-01..8;0.0;8.0;1.0;0.0;0.0;0.0;0.0;0.0;0.0;0.0;0.0;0.0;0.0;0.0;1.0;0.0;1.0;0.0;;;;;;;;;;;;;;;;;3.0;0.0;0.0;0.0;0.0;;;;;;0.0
284;284;DR.L1.MD1_GS.ST_Started;MS-03.M;Каскад 1;Шкаф гидравлики;SOL1..9;0.0;8.0;1.0;0.0;0.0;0.0;0.0;0.0;0.0;0.0;0.0;0.0;1.0;0.0;1.0;1.0;1.0;0.0;;;;;;;;;;;;;;;;;3.0;0.0;0.0;0.0;0.0;;;;;;0.0
285;285;DR.L1.MD1_GS.CMD_Start_Zazh_Auto;PIT-1.C;Каскад 1;Шкаф гидравлики;SOL1..9;0.0;8.0;7.0;0.0;0.0;1.0;0.0;0.0;0.0;0.0;0.0;0.0;0.0;0.0;1.0;0.0;1.0;0.0;;;;;;;;;;;;;;;;;33799.0;0.0;0.0;0.0;0.0;;;;;E28+E29+E30+E31=0&l244&(E20|E21);0.0
